retailer,city,state,,
Metro C&C,Bengaluru,Karnataka,,
Metro C&C,Tumakuru,Karnataka,,
Metro C&C,Hubballi,Karnataka,,
Metro C&C,Hyderabad,Telangana,,
Metro C&C,Vijayawada,Andhra Pradesh,,
Metro C&C,Guntur,Andhra Pradesh,,
Metro C&C,Vishakapatnam,Andhra Pradesh,,
Metro C&C,Mumbai,Maharashtra,,
Metro C&C,Indore,Madhya Pradesh,,
Metro C&C,Surat,Gujarat,,
Metro C&C,Ahmedabad,Gujarat,,
Metro C&C,Nashik,Maharashtra,,
Metro C&C,Zirakpur,Punjab,,
Metro C&C,Jalandhar,Punjab,,
Metro C&C,Amritsar,Punjab,,
Metro C&C,Jaipur,Rajasthan,,
Metro C&C,NCT of Delhi,NCT of Delhi,,
Metro C&C,Meerut,Uttar Pradesh,,
Metro C&C,Lucknow,Uttar Pradesh,,
Metro C&C,Ghaziabad,Uttar Pradesh,,
Metro C&C,Kolkata,West Bengal,,
Walmart,Jammu,Jammu & Kashmir,,
Walmart,Amritsar,Punjab,,
Walmart,Jalandhar,Punjab,,
Walmart,Ludhiana,Punjab,,
Walmart,Ludhiana,Punjab,,
Walmart,Zirakpur,Punjab,,
Walmart,Bathinda,Punjab,,
Walmart,Agra,Uttar Pradesh,,
Walmart,Lucknow,Uttar Pradesh,,
Walmart,Meerut,Uttar Pradesh,,
Walmart,Agra,Uttar Pradesh,,
Walmart,Kota,Rajasthan,,
Walmart,Bhopal,Madhya Pradesh,,
Walmart,Indore,Madhya Pradesh,,
Walmart,Raipur,Chhattisgarh,,
Walmart,Amravati,Maharashtra,,
Walmart,Aurangabad,Maharashtra,,
Walmart,Hyderabad,Telangana,,
Walmart,Karimnagar,Telangana,,
Walmart,Nizamabad,Telangana,,
Walmart,Warangal,Telangana,,
Walmart,Visakhapatnam,Andhra Pradesh,,
Walmart,Vijayawada,Andhra Pradesh,,
Walmart,Guntur,Andhra Pradesh,,
Walmart,Rajahmundry,Andhra Pradesh,,
Walmart,Kurnool,Andhra Pradesh,,
D Mart Ready,Amravati,Maharashtra,,
D Mart Ready,Aurangabad,Maharashtra,,
D Mart Ready,Dhule,Maharashtra,,
D Mart Ready,Ichalkaranji,Maharashtra,,
D Mart Ready,Jaisingpur,Maharashtra,,
D Mart Ready,Jalgaon,Maharashtra,,
D Mart Ready,Jalna,Maharashtra,,
D Mart Ready,Karad,Maharashtra,,
D Mart Ready,Kolhapur,Maharashtra,,
D Mart Ready,Latur,Maharashtra,,
D Mart Ready,Miraj,Maharashtra,,
D Mart Ready,Mumbai (MMR),Maharashtra,,
D Mart Ready,Nagpur,Maharashtra,,
D Mart Ready,Nanded,Maharashtra,,
D Mart Ready,Nandurbar,Maharashtra,,
D Mart Ready,Nashik,Maharashtra,,
D Mart Ready,Osmanabad,Maharashtra,,
D Mart Ready,Pune,Maharashtra,,
D Mart Ready,Ratnagiri,Maharashtra,,
D Mart Ready,Sangli,Maharashtra,,
D Mart Ready,Satara,Maharashtra,,
D Mart Ready,Solapur,Maharashtra,,
D Mart Ready,Wardha,Maharashtra,,
D Mart Ready,Yavatmal,Maharashtra,,
D Mart Ready,Ahmedabad,Gujarat,,
D Mart Ready,Anand,Gujarat,,
D Mart Ready,Ankleshwar,Gujarat,,
D Mart Ready,Bharuch,Gujarat,,
D Mart Ready,Bhuj,Gujarat,,
D Mart Ready,Bilimora,Gujarat,,
D Mart Ready,Gandhidham,Gujarat,,
D Mart Ready,Gandhinagar,Gujarat,,
D Mart Ready,Godhra,Gujarat,,
D Mart Ready,Himmatnagar,Gujarat,,
D Mart Ready,Kalol,Gujarat,,
D Mart Ready,Mahesana,Gujarat,,
D Mart Ready,Nadiad,Gujarat,,
D Mart Ready,Navsari,Gujarat,,
D Mart Ready,Palanpur,Gujarat,,
D Mart Ready,Rajkot,Gujarat,,
D Mart Ready,Surat,Gujarat,,
D Mart Ready,Surendranagar,Gujarat,,
D Mart Ready,Vadodara,Gujarat,,
D Mart Ready,Valsad,Gujarat,,
D Mart Ready,Vapi,Gujarat,,
D Mart Ready,Daman,Daman & Diu,,
D Mart Ready,Hyderabad,Telangana,,
D Mart Ready,Karimnagar,Telangana,,
D Mart Ready,Khammam,Telangana,,
D Mart Ready,Mancherial,Telangana,,
D Mart Ready,Warangal,Telangana,,
D Mart Ready,Anantapur,Andhra Pradesh,,
D Mart Ready,Bhimavaram,Andhra Pradesh,,
D Mart Ready,Eluru,Andhra Pradesh,,
D Mart Ready,Gudivada,Andhra Pradesh,,
D Mart Ready,Guntur,Andhra Pradesh,,
D Mart Ready,Kakinada,Andhra Pradesh,,
D Mart Ready,Kurnool,Andhra Pradesh,,
D Mart Ready,Machilipatnam,Andhra Pradesh,,
D Mart Ready,Nellore,Andhra Pradesh,,
D Mart Ready,Ongole,Andhra Pradesh,,
D Mart Ready,Rajahmundry,Andhra Pradesh,,
D Mart Ready,Suryapet,Telangana,,
D Mart Ready,Tanuku,Andhra Pradesh,,
D Mart Ready,Tirupati,Andhra Pradesh,,
D Mart Ready,Tuni,Andhra Pradesh,,
D Mart Ready,Vijayawada,Andhra Pradesh,,
D Mart Ready,Visakhapatnam,Andhra Pradesh,,
D Mart Ready,Bengaluru,Karnataka,,
D Mart Ready,Belgaum,Karnataka,,
D Mart Ready,Gulbarga,Karnataka,,
D Mart Ready,Mangaluru,Karnataka,,
D Mart Ready,Tumakuru,Karnataka,,
D Mart Ready,Udupi,Karnataka,,
D Mart Ready,Bhopal,Madhya Pradesh,,
D Mart Ready,Dewas,Madhya Pradesh,,
D Mart Ready,Indore,Madhya Pradesh,,
D Mart Ready,Jabalpur,Madhya Pradesh,,
D Mart Ready,Mandsaur,Madhya Pradesh,,
D Mart Ready,Dr. Ambedkar Nagar (Mhow),Madhya Pradesh,,
D Mart Ready,Neemuch,Madhya Pradesh,,
D Mart Ready,Pithampur,Madhya Pradesh,,
D Mart Ready,Ratlam,Madhya Pradesh,,
D Mart Ready,Ujjain,Madhya Pradesh,,
D Mart Ready,Bhilai,Chhattisgarh,,
D Mart Ready,Durg,Chhattisgarh,,
D Mart Ready,Raipur,Chhattisgarh,,
D Mart Ready,Rajnandgaon,Chhattisgarh,,
D Mart Ready,NCT of Delhi,NCT of Delhi,,
D Mart Ready,Faridabad,Haryana,,
D Mart Ready,Ghaziabad,Uttar Pradesh,,
D Mart Ready,Gurugram,Haryana,,
D Mart Ready,Noida,Uttar Pradesh,,
D Mart Ready,Chennai,Tamil Nadu,,
D Mart Ready,Coimbatore,Tamil Nadu,,
D Mart Ready,Dindigul,Tamil Nadu,,
D Mart Ready,Erode,Tamil Nadu,,
D Mart Ready,Hosur,Tamil Nadu,,
D Mart Ready,Madurai,Tamil Nadu,,
D Mart Ready,Salem,Tamil Nadu,,
D Mart Ready,Shoolagiri,Tamil Nadu,,
D Mart Ready,Sulur,Tamil Nadu,,
D Mart Ready,Tiruchirappalli,Tamil Nadu,,
D Mart Ready,Tiruppur,Tamil Nadu,,
D Mart Ready,Amritsar,Punjab,,
D Mart Ready,Barnala,Punjab,,
D Mart Ready,Chandigarh,Chandigarh,,
D Mart Ready,Jalandhar,Punjab,,
D Mart Ready,Ludhiana,Punjab,,
D Mart Ready,Mandi Gobindgarh,Punjab,,
D Mart Ready,Patiala,Punjab,,
D Mart Ready,Ajmer,Rajasthan,,
D Mart Ready,Alwar,Rajasthan,,
D Mart Ready,Bhilwara,Rajasthan,,
D Mart Ready,Jaipur,Rajasthan,,
D Mart Ready,Kishangarh,Rajasthan,,
D Mart Ready,Kota,Rajasthan,,
Apollo,VIZAG,Andhra Pradesh,,
Apollo,CHITTOOR,Andhra Pradesh,,
Apollo,PUTTUR,Andhra Pradesh,,
Apollo,V.KOTA,Andhra Pradesh,,
Apollo,TIRUPATHI,Andhra Pradesh,,
Apollo,PALMANER,Andhra Pradesh,,
Apollo,PAKALA,Andhra Pradesh,,
Apollo,MADANAPALLI,Andhra Pradesh,,
Apollo,KALIKIRI,Andhra Pradesh,,
Apollo,KANIPAKAM,Andhra Pradesh,,
Apollo,NAGARI,Andhra Pradesh,,
Apollo,PUNGANOOR,Andhra Pradesh,,
Apollo,VAYALPADU,Andhra Pradesh,,
Apollo,RENIGUNTA,Andhra Pradesh,,
Apollo,PILERU,Andhra Pradesh,,
Apollo,B KOTHA KOTA,Andhra Pradesh,,
Apollo,SULLURIPET,Andhra Pradesh,,
Apollo,SRIKALAHASTI,Andhra Pradesh,,
Apollo,MULAKALACHERVU,Andhra Pradesh,,
Apollo,HINDUPUR,Andhra Pradesh,,
Apollo,RAILWAY KODUR,Andhra Pradesh,,
Apollo,GALIVEEDU,Andhra Pradesh,,
Apollo,KOTHAKOTA,Andhra Pradesh,,
Apollo,RAICHOTI,Andhra Pradesh,,
Apollo,KADIRI,Andhra Pradesh,,
Apollo,PUTTAPARTHI,Andhra Pradesh,,
Apollo,RAJUMPET,Andhra Pradesh,,
Apollo,VEMPALLY,Andhra Pradesh,,
Apollo,DHARMAVARAM,Andhra Pradesh,,
Apollo,PULIVENDULA,Andhra Pradesh,,
Apollo,NELLORE,Andhra Pradesh,,
Apollo,KADAPA,Andhra Pradesh,,
Apollo,GADWAL,Telangana,,
Apollo,KALYANDURGAM,Andhra Pradesh,,
Apollo,YERRAGUNTLA,Andhra Pradesh,,
Apollo,ANANTHAPUR,Andhra Pradesh,,
Apollo,BADWEL,Andhra Pradesh,,
Apollo,PRODDUTUR,Andhra Pradesh,,
Apollo,JAMMALAMADUGU,Andhra Pradesh,,
Apollo,TADIPATRI,Andhra Pradesh,,
Apollo,KAVALI,Andhra Pradesh,,
Apollo,PORUMAVILLA,Andhra Pradesh,,
Apollo,ALLAGADDA,Andhra Pradesh,,
Apollo,GUNTAKAL,Andhra Pradesh,,
Apollo,KURNOOL,Andhra Pradesh,,
Apollo,GIDDALUR,Andhra Pradesh,,
Apollo,ONGOLE,Andhra Pradesh,,
Apollo,CUMBUM,Andhra Pradesh,,
Apollo,ADONI,Andhra Pradesh,,
Apollo,YEMMIGANUR,Andhra Pradesh,,
Apollo,ADANKI,Andhra Pradesh,,
Apollo,CHIRALA,Andhra Pradesh,,
Apollo,NANDYAL,Andhra Pradesh,,
Apollo,DHONE,Andhra Pradesh,,
Apollo,NANDIKOTKUR,Andhra Pradesh,,
Apollo,BAPATLA,Andhra Pradesh,,
Apollo,REPALEE,Andhra Pradesh,,
Apollo,PONNUR,Andhra Pradesh,,
Apollo,CHILAKALURIPETA,Andhra Pradesh,,
Apollo,Challapalli,Andhra Pradesh,,
Apollo,MACHILIPATNAM,Andhra Pradesh,,
Apollo,PEBBAIR,Telangana,,
Apollo,NARASARAO PETA,Andhra Pradesh,,
Apollo,TENALI,Andhra Pradesh,,
Apollo,GUNTUR,Andhra Pradesh,,
Apollo,SATTENA PALLI,Andhra Pradesh,,
Apollo,VINUKONDA,Andhra Pradesh,,
Apollo,VUYYURU,Andhra Pradesh,,
Apollo,WANAPARTHY,Telangana,,
Apollo,GUDIVADA,Andhra Pradesh,,
Apollo,RC PURAM,Andhra Pradesh,,
Apollo,MACHARLA,Andhra Pradesh,,
Apollo,PIDUGURAALLA,Andhra Pradesh,,
Apollo,GANNAVARAM,Andhra Pradesh,,
Apollo,NAGAR KURNOOL,Andhra Pradesh,,
Apollo,VIJAYAWADA,Andhra Pradesh,,
Apollo,PALAKOLLU,Andhra Pradesh,,
Apollo,BHEEMAVARAM,Andhra Pradesh,,
Apollo,HYDERABAD,Telangana,,
Apollo,AMALAPURAM,Andhra Pradesh,,
Apollo,KONDAPALLI,Andhra Pradesh,,
Apollo,ACHAMPET,Telangana,,
Apollo,BAPULAPADU,Andhra Pradesh,,
Apollo,KALWAKURTHY,Telangana,,
Apollo,KONDA MALLAPALLY,Telangana,,
Apollo,ELURU,Andhra Pradesh,,
Apollo,MAHABOOBNAGAR,Telangana,,
Apollo,NARAYANAPET,Telangana,,
Apollo,TANUKU,Andhra Pradesh,,
Apollo,NANDIGAMA,Andhra Pradesh,,
Apollo,JADCHERLA,Telangana,,
Apollo,NUZVID,Andhra Pradesh,,
Apollo,DRAKSHARAMAM,Andhra Pradesh,,
Apollo,THADEPALLIGUDAM,Andhra Pradesh,,
Apollo,MIRYALAGUDA,Telangana,,
Apollo,MANDAPETA,Andhra Pradesh,,
Apollo,NALGONDA,Telangana,,
Apollo,NIDADHAVOLU,Andhra Pradesh,,
Apollo,PITAPURAM,Andhra Pradesh,,
Apollo,MADHIRA,Andhra Pradesh,,
Apollo,KAKINADA,Andhra Pradesh,,
Apollo,RAJAHMUNDRY,Andhra Pradesh,,
Apollo,KODADA,Telangana,,
Apollo,KOVVUR,Andhra Pradesh,,
Apollo,GODIKONDLA,Andhra Pradesh,,
Apollo,DEVARA KONDA,Andhra Pradesh,,
Apollo,SHADNAGAR,Telangana,,
Apollo,PEDDAPURAM,Andhra Pradesh,,
Apollo,TIRUVURU,Andhra Pradesh,,
Apollo,SURYAPETA,Telangana,,
Apollo,SURYAPET,Telangana,,
Apollo,KOTHUR,Telangana,,
Apollo,KHAMMAM,Telangana,,
Apollo,NARKETPALLY,Telangana,,
Apollo,SATTUPALLI,Andhra Pradesh,,
Apollo,THANDUR,Telangana,,
Apollo,DOWLESWARAM,Andhra Pradesh,,
Apollo,TUNI,Andhra Pradesh,,
Apollo,KARIMNAGAR,Telangana,,
Apollo,RANGAREDDY DT,Telangana,,
Apollo,MYLAVARAM,Andhra Pradesh,,
Apollo,MEDAK,Telangana,,
Apollo,YALLANDU,Andhra Pradesh,,
Apollo,MAHABOOBABAD,Telangana,,
Apollo,SANGAREDDY,Telangana,,
Apollo,ANAKAPALLI,Andhra Pradesh,,
Apollo,GAJUWAKA,Andhra Pradesh,,
Apollo,JANGAON,Telangana,,
Apollo,HANUMKONDA,Telangana,,
Apollo,WARANGAL,Telangana,,
Apollo,KAZIPET,Telangana,,
Apollo,VIZIANAGARAM,Andhra Pradesh,,
Apollo,S.KOTA,Andhra Pradesh,,
Apollo,HUZURABAD,Telangana,,
Apollo,GAJAPATHINAGARAM,Andhra Pradesh,,
Apollo,JAMMIKUNTA,Telangana,,
Apollo,VEERA GHATTAM,Andhra Pradesh,,
Apollo,CHIPURUPALLI,Andhra Pradesh,,
Apollo,JANGAREDDY GUDEM,Andhra Pradesh,,
Apollo,SRIKAKULAM,Andhra Pradesh,,
Apollo,KAMAREDDY,Telangana,,
Apollo,BANSWADA,Telangana,,
Apollo,RAJAM,Andhra Pradesh,,
Apollo,AMUDALAVALASA,Andhra Pradesh,,
Apollo,NARASANNA PET,Andhra Pradesh,,
Apollo,SALURU,Andhra Pradesh,,
Apollo,BOBBILI,Andhra Pradesh,,
Apollo,PALAKONDA,Andhra Pradesh,,
Apollo,TEKKALI,Andhra Pradesh,,
Apollo,PARVATHIPURAM,Andhra Pradesh,,
Apollo,NIZAMABAD,Telangana,,
Apollo,PALASA,Andhra Pradesh,,
Apollo,ARMOOR,Telangana,,
Apollo,SOMPETA,Andhra Pradesh,,
Apollo,NIRMAL,Telangana,,
Apollo,AHMEDABAD,Gujarat,,
Apollo,BANGALORE,Karnataka,,
Apollo,MYSORE,Karnataka,,
Apollo,CHAMARAJNAGAR,Karnataka,,
Apollo,MANDYA,Karnataka,,
Apollo,CHANNAPATNA,Karnataka,,
Apollo,RAMANAGAR,Karnataka,,
Apollo,MANGALORE,Karnataka,,
Apollo,UDUPI,Karnataka,,
Apollo,GOA,Goa,,
Apollo,BHADRAVATHI,Karnataka,,
Apollo,BELGAUM,Karnataka,,
Apollo,DAVANAGERE,Karnataka,,
Apollo,CHICKMAGALUR,Karnataka,,
Apollo,KOLAR,Karnataka,,
Apollo,HASSAN,Karnataka,,
Apollo,KADUR,Karnataka,,
Apollo,MULBAGAL,Karnataka,,
Apollo,TUMKUR,Karnataka,,
Apollo,CHIKKAMANGALORE,Karnataka,,
Apollo,SHIMOGA,Karnataka,,
Apollo,CHITRADURGA,Karnataka,,
Apollo,KARWAR,Karnataka,,
Apollo,Bellary,Karnataka,,
Apollo,HOSPET,Karnataka,,
Apollo,DHARWADA,Karnataka,,
Apollo,HUBLI,Karnataka,,
Apollo,DHARWAD,Karnataka,,
Apollo,BIJAPUR,Karnataka,,
Apollo,Gulbarga,Karnataka,,
Apollo,PUNE,Maharashtra,,
Apollo,MUMBAI CITY,Maharashtra,,
Apollo,THANE DIST,Maharashtra,,
Apollo,THAKALAE,Maharashtra,,
Apollo,CHETTIKULAM,Puducherry,,
Apollo,PARAKAI,Tamil Nadu,,
Apollo,NAGARCOIL,Tamil Nadu,,
Apollo,KARUNGAL,Tamil Nadu,,
Apollo,MARTHANDAM,Tamil Nadu,,
Apollo,THIRUCHENDUR,Tamil Nadu,,
Apollo,NAZARET,Tamil Nadu,,
Apollo,AMBASAMUDRAM,Tamil Nadu,,
Apollo,TIRUNELVELI,Tamil Nadu,,
Apollo,Tuticorin,Tamil Nadu,,
Apollo,TENKASI,Tamil Nadu,,
Apollo,SANKARANKOVIL,Tamil Nadu,,
Apollo,KOVILPATTI,Tamil Nadu,,
Apollo,SIVAKASI,Tamil Nadu,,
Apollo,RAJAPALAYAM,Tamil Nadu,,
Apollo,SRIVELLIPUTTUR,Tamil Nadu,,
Apollo,PULIAMPATTI,Tamil Nadu,,
Apollo,MANAMADURAI,Tamil Nadu,,
Apollo,VIRUTHUNAGAR,Tamil Nadu,,
Apollo,USILAMPATTI,Tamil Nadu,,
Apollo,CUMBAM,Tamil Nadu,,
Apollo,VANDAVASI,Tamil Nadu,,
Apollo,SIVAGANGAI,Tamil Nadu,,
Apollo,ARUPPUKOTTAI,Tamil Nadu,,
Apollo,MADURAI,Tamil Nadu,,
Apollo,KAYALPATINAM,Tamil Nadu,,
Apollo,THENKASI,Tamil Nadu,,
Apollo,KANYAKUMARI,Tamil Nadu,,
Apollo,NITHRAVILAI,Tamil Nadu,,
Apollo,NATHAM,Tamil Nadu,,
Apollo,SIMMAKAL,Tamil Nadu,,
Apollo,K PUDUR,Tamil Nadu,,
Apollo,OTHAKADAI,Tamil Nadu,,
Apollo,DEVAKOTTAI,Tamil Nadu,,
Apollo,THENI,Tamil Nadu,,
Apollo,BODINAYAKKANOOR,Tamil Nadu,,
Apollo,TRICHY,Tamil Nadu,,
Apollo,KARAIKUDI,Tamil Nadu,,
Apollo,THIRUPATTUR,Tamil Nadu,,
Apollo,PERIYAKULAM,Tamil Nadu,,
Apollo,BATLAGUNDU,Tamil Nadu,,
Apollo,SINGAMPUNARI,Tamil Nadu,,
Apollo,PANACHAMODU,Tamil Nadu,,
Apollo,KODAIKANAL,Tamil Nadu,,
Apollo,OTTANCHATRAM,Tamil Nadu,,
Apollo,DINDUGAL,Tamil Nadu,,
Apollo,VEDHARANYAM,Tamil Nadu,,
Apollo,PUDUKOTTAI,Tamil Nadu,,
Apollo,Karambakudi,Tamil Nadu,,
Apollo,PATTUKOTTAI,Tamil Nadu,,
Apollo,PALANI,Tamil Nadu,,
Apollo,THIRUTURAIPUNDI,Tamil Nadu,,
Apollo,UDUMALAIPET,Tamil Nadu,,
Apollo,ERODE,Tamil Nadu,,
Apollo,MANNARKUDI,Tamil Nadu,,
Apollo,RASIPURAM,Tamil Nadu,,
Apollo,DHARAPURAM,Tamil Nadu,,
Apollo,MELUR,Tamil Nadu,,
Apollo,NAGAPATTINAM,Tamil Nadu,,
Apollo,MUTHUPET,Tamil Nadu,,
Apollo,SIRKAZHI,Tamil Nadu,,
Apollo,THIRUVARUR,Tamil Nadu,,
Apollo,KOVAI PUTHUR,Tamil Nadu,,
Apollo,TANJORE,Tamil Nadu,,
Apollo,THANJAVUR,Tamil Nadu,,
Apollo,KARUMANDAPAM,Tamil Nadu,,
Apollo,THURAIYUR,Tamil Nadu,,
Apollo,KUMARAN NAGAR,Tamil Nadu,,
Apollo,WORIAYUR,Tamil Nadu,,
Apollo,KARAIKAL,Puducherry,,
Apollo,KUMARAPALAYAM,Tamil Nadu,,
Apollo,KULITHALAI,Tamil Nadu,,
Apollo,KUMBAKONAM,Tamil Nadu,,
Apollo,KARUR,Tamil Nadu,,
Apollo,COIMBATORE,Tamil Nadu,,
Apollo,ONDIPUDUR,Tamil Nadu,,
Apollo,SRIRANGAM,Tamil Nadu,,
Apollo,ADUTHURAI,Tamil Nadu,,
Apollo,THADAGAM,Tamil Nadu,,
Apollo,MAYILADUDURAI,Tamil Nadu,,
Apollo,JEYAMKONDAM,Tamil Nadu,,
Apollo,NAMAKKAL,Tamil Nadu,,
Apollo,ANNUR,Tamil Nadu,,
Apollo,BHAVANI,Tamil Nadu,,
Apollo,CHIDAMBARAM,Tamil Nadu,,
Apollo,OOTY,Tamil Nadu,,
Apollo,GOPICHETTYPALAYAM,Tamil Nadu,,
Apollo,SATHYAMANGALAM,Tamil Nadu,,
Apollo,VIRUTHACHALAM,Tamil Nadu,,
Apollo,N.L.C,Tamil Nadu,,
Apollo,VADDALORE,Tamil Nadu,,
Apollo,VAZHAPADI,Tamil Nadu,,
Apollo,RANIPET,Tamil Nadu,,
Apollo,ATTUR,Tamil Nadu,,
Apollo,GUGAI,Tamil Nadu,,
Apollo,SALEM,Tamil Nadu,,
Apollo,SOORAMANGALAM,Tamil Nadu,,
Apollo,KALLAKURICHI,Tamil Nadu,,
Apollo,PONDY,Puducherry,,
Apollo,THIAGATHURUVAM,Puducherry,,
Apollo,CUDDALLORE,Tamil Nadu,,
Apollo,KAATUMANAAR KOIL,Tamil Nadu,,
Apollo,BHUVANAGIRI,Tamil Nadu,,
Apollo,PANRUTI,Tamil Nadu,,
Apollo,METTUR,Tamil Nadu,,
Apollo,SANKARAPURAM,Tamil Nadu,,
Apollo,PAPPIREDDIPATTI,Tamil Nadu,,
Apollo,CHENNAI,Tamil Nadu,,
Apollo,VILUPURAM,Tamil Nadu,,
Apollo,VILLUPURAM,Tamil Nadu,,
Apollo,HARUR,Tamil Nadu,,
Apollo,KATPADI,Tamil Nadu,,
Apollo,THIRUVANNAMALAI,Tamil Nadu,,
Apollo,DHINDIVANAM,Tamil Nadu,,
Apollo,UTTHANGARAI,Tamil Nadu,,
Apollo,KARIMANGALAM,Tamil Nadu,,
Apollo,CHENGAM,Tamil Nadu,,
Apollo,KRISHNAGIRI,Tamil Nadu,,
Apollo,VANIAMBADI,Tamil Nadu,,
Apollo,ARANI,Tamil Nadu,,
Apollo,CHEYYAR,Tamil Nadu,,
Apollo,HOSUR,Tamil Nadu,,
Apollo,AMBUR,Tamil Nadu,,
Apollo,KANCHIPURAM,Tamil Nadu,,
Apollo,KANCHEEPURAM,Tamil Nadu,,
Apollo,VELLORE,Tamil Nadu,,
Apollo,VIRUPACHIPURAM,Tamil Nadu,,
Apollo,WALAJAPET,Tamil Nadu,,
Apollo,PERNAMPET,Tamil Nadu,,
Apollo,GUDIYATHAM,Tamil Nadu,,
Apollo,GINGEE,Tamil Nadu,,
Apollo,WALLAJABAD,Tamil Nadu,,
Apollo,ARAKKONAM,Tamil Nadu,,
Apollo,PAPANASAM,Tamil Nadu,,
Apollo,COLACHEL,Tamil Nadu,,
Apollo,ARCOT,Tamil Nadu,,
Apollo,THITTAKUDI,Tamil Nadu,,
Apollo,CUDDALORE,Tamil Nadu,,
Apollo,VIRUDHACHALAM,Tamil Nadu,,
Apollo,KOOTHANALLUR,Tamil Nadu,,
Apollo,CHETPET,Tamil Nadu,,
Apollo,THIRUTHANI,Tamil Nadu,,
Apollo,RAMESWARAM,Tamil Nadu,,
Apollo,DHARMAPURI,Tamil Nadu,,
Apollo,ALLAHABAD,Uttar Pradesh,,
Apollo,SILIGURI,West Bengal,,
TATA 1MG,Ahmedabad,Gujarat,,
TATA 1MG,Dehradun,Uttarakhand,,
TATA 1MG,NCT of Delhi,NCT of Delhi,,
TATA 1MG,Faridabad,Haryana,,
TATA 1MG,Ghaziabad,Uttar Pradesh,,
TATA 1MG,Gurgaon,Haryana,,
TATA 1MG,Jaipur,Rajasthan,,
TATA 1MG,Kolkata,West Bengal,,
TATA 1MG,Noida,Uttar Pradesh,,
Gaurdians,Ludhiana,Punjab,,
Gaurdians,Jalandhar,Punjab,,
Gaurdians,Chandigarh,Chandigarh,,
Gaurdians,Noida,Uttar Pradesh,,
Gaurdians,Ghaziabad,Uttar Pradesh,,
Gaurdians,Faridabad,Haryana,,
Gaurdians,NCT of Delhi,NCT of Delhi,,
Gaurdians,Gurgaon,Haryana,,
Gaurdians,Agra,Uttar Pradesh,,
Gaurdians,Varanasi,Uttar Pradesh,,
Gaurdians,Rajkot,Gujarat,,
Gaurdians,Mumbai,Maharashtra,,
Gaurdians,Pune,Maharashtra,,
Gaurdians,Nashik,Maharashtra,,
Gaurdians,Hyderabad,Telangana,,
Gaurdians,Bangalore,Karnataka,,
Reliance Smart,JAMMU,Jammu & Kashmir,,
Reliance Smart,GUWAHATI,Assam,,
Reliance Smart,HYDERABAD,Telangana,,
Reliance Smart,RANGAREDDY,Telangana,,
Reliance Smart,VEMULAWADA,Telangana,,
Reliance Smart,MANCHERIAL,Telangana,,
Reliance Smart,PEDDAPALLI,Telangana,,
Reliance Smart,KARIMNAGAR,Telangana,,
Reliance Smart,LUDHIANA,Punjab,,
Reliance Smart,BARNALA,Punjab,,
Reliance Smart,SUNAM,Punjab,,
Reliance Smart,DHURI,Punjab,,
Reliance Smart,CHAMBA,Himachal Pradesh,,
Reliance Smart,JALANDHAR,Punjab,,
Reliance Smart,Rampura,Punjab,,
Reliance Smart,UNA,Himachal Pradesh,,
Reliance Smart,PATIALA,Punjab,,
Reliance Smart,AMRITSAR,Punjab,,
Reliance Smart,BHATINDA,Punjab,,
Reliance Smart,GORAYA,Punjab,,
Reliance Smart,FAZILKA,Punjab,,
Reliance Smart,MALERKOTLA,Punjab,,
Reliance Smart,RAIKOT,Punjab,,
Reliance Smart,JALLALABAD,Punjab,,
Reliance Smart,POANTASAHIB,Punjab,,
Reliance Smart,QUADIAN,Punjab,,
Reliance Smart,KOTKAPURA,Punjab,,
Reliance Smart,KAPURTHALA,Punjab,,
Reliance Smart,MOGA,Punjab,,
Reliance Smart,PHAGWARA,Punjab,,
Reliance Smart,THRISSUR,Kerala,,
Reliance Smart,KOLKATA,West Bengal,,
Reliance Smart,NAIHATI,West Bengal,,
Reliance Smart,HOOGHLY,West Bengal,,
Reliance Smart,MYSORE,Karnataka,,
Reliance Smart,BENGALURU,Karnataka,,
Reliance Smart,VIZIANAGARAM,Andhra Pradesh,,
Reliance Smart,SRIKAKULAM,Andhra Pradesh,,
Reliance Smart,MARKAPURAM,Andhra Pradesh,,
Reliance Smart,BAPULAPADU,Andhra Pradesh,,
Reliance Smart,Chennai,Tamil Nadu,,
Reliance Smart,VELLORE,Tamil Nadu,,
Reliance Smart,PATNA,Bihar,,
Reliance Smart,ROHTAK,Haryana,,
Reliance Smart,RISHIKESH,Uttarakhand,,
Reliance Smart,KASHIPUR,Uttarakhand,,
Reliance Smart,BAZPUR,Uttarakhand,,
Reliance Smart,GHAZIABAD,Uttar Pradesh,,
Reliance Smart,PANIPAT,Haryana,,
Reliance Smart,JAGADHRI,Haryana,,
Reliance Smart,KADAPA,Andhra Pradesh,,
Reliance Smart,ANANTHAPUR,Andhra Pradesh,,
Reliance Smart,JAIPUR,Rajasthan,,
Reliance Smart,RANCHI,Jharkhand,,
Reliance Smart,LUCKNOW,Uttar Pradesh,,
Reliance Smart,NCT of Delhi,NCT of Delhi,,
Reliance Smart,NEWNCT of Delhi,NCT of Delhi,,
Reliance Smart,FARIDABAD,Haryana,,
Reliance Smart,PANCHKULA,Haryana,,
Reliance Smart,HAPUR,Uttar Pradesh,,
Reliance Smart,BAHADURGARH,Haryana,,
Reliance Smart,NOIDA,Uttar Pradesh,,
Reliance Smart,GURGAON,Haryana,,
Reliance Smart,KURUKSHETRA,Haryana,,
Reliance Smart,GANNAUR,Haryana,,
Reliance Smart,REWARI,Haryana,,
Reliance Smart,BALLABHGARH,Haryana,,
Reliance Smart,SONIPAT,Haryana,,
Reliance Smart,BAREILLY,Uttar Pradesh,,
Reliance Smart,HARIDWAR,Uttarakhand,,
Reliance Smart,MAU,Uttar Pradesh,,
Reliance Smart,AGRA,Uttar Pradesh,,
Reliance Smart,ETAWAH,Uttar Pradesh,,
Reliance Smart,VARANASI,Uttar Pradesh,,
Reliance Smart,KANPUR,Uttar Pradesh,,
Reliance Smart,MEERUT,Uttar Pradesh,,
Reliance Smart,FARRUKHABAD,Uttar Pradesh,,
Reliance Smart,DEHRADUN,Uttarakhand,,
Reliance Smart,GORAKHPUR,Uttar Pradesh,,
Reliance Smart,PRAYAGRAJ,Uttar Pradesh,,
Reliance Smart,LAKHIMPUR,Uttar Pradesh,,
Reliance Smart,SITAPUR,Uttar Pradesh,,
Reliance Smart,AMBALA,Haryana,,
Reliance Smart,MUZAFFARNAGAR,Uttar Pradesh,,
Reliance Smart,SAHARANPUR,Uttar Pradesh,,
Reliance Smart,RAMPUR,Uttar Pradesh,,
Reliance Smart,HALDWANI,Uttarakhand,,
Reliance Smart,KORUTLA,Telangana,,
Reliance Smart,NAZIBABAD,Uttar Pradesh,,
Reliance Smart,TUNDLA,Uttar Pradesh,,
Reliance Smart,RAEBARELI,Uttar Pradesh,,
Reliance Smart,COCHIN,Kerala,,
Reliance Smart,WESTGODAVARI,Andhra Pradesh,,
Reliance Smart,SHADNAGAR,Telangana,,
Reliance Smart,KRISHNADISTRI,Andhra Pradesh,,
Reliance Smart,KAMAREDDY,Telangana,,
Reliance Smart,KANDUKUR,Andhra Pradesh,,
Reliance Smart,Raipur,Chhattisgarh,,
Reliance Smart,Durg-Bhilainagar,Chhattisgarh,,
Reliance Smart,Bhilai,Chhattisgarh,,
Reliance Smart,Bilaspur,Chhattisgarh,,
Reliance Smart,Mahasamund,Chhattisgarh,,
Reliance Smart,Korba,Chhattisgarh,,
Reliance Smart,Jorhat,Assam,,
Reliance Smart,Dimapur,Nagaland,,
Reliance Smart,Nalbari,Assam,,
Reliance Smart,Rajnandgaon,Chhattisgarh,,
Reliance Smart,BhilaiCharoda,Chhattisgarh,,
Reliance Smart,Udaipur,Rajasthan,,
Reliance Smart,Tezpur,Assam,,
Reliance Smart,Bhatapara,Chhattisgarh,,
Reliance Smart,Kharupatia,Assam,,
Reliance Smart,Itanagar,Arunanchal Pradesh,,
Reliance Smart,Pasighat,Arunanchal Pradesh,,
Reliance Smart,Barpeta,Assam,,
Reliance Smart,Chumukedima,Nagaland,,
Reliance Smart,BarpetaRoad,Assam,,
Reliance Smart,Lumding,Assam,,
Reliance Smart,Dhubri,Assam,,
Reliance Smart,Kokrajhar,Assam,,
Reliance Smart,Dhamtari,Chhattisgarh,,
Reliance Smart,Tinsukia,Assam,,
Reliance Smart,Jagiroad,Assam,,
Reliance Smart,Golpara,Assam,,
Reliance Smart,Nagaon,Assam,,
Reliance Smart,Marigaon,Assam,,
Reliance Smart,Raigarh,Chhattisgarh,,
Reliance Smart,Dibrugarh,Assam,,
Reliance Smart,Demow,Assam,,
Reliance Smart,Suwalkuchi,Assam,,
Reliance Smart,Nazira,Assam,,
Reliance Smart,Bilasipara,Assam,,
Reliance Smart,Tangla,Assam,,
Reliance Smart,Rangia,Assam,,
Reliance Smart,Biswanath,Assam,,
Reliance Smart,Durg,Chhattisgarh,,
Reliance Smart,Agartala,Tripura,,
Reliance Smart,Hojai,Assam,,
Reliance Smart,BalodaBazar,Chhattisgarh,,
Reliance Smart,Sivasagar,Assam,,
Reliance Smart,Kalgachia,Assam,,
Reliance Smart,Mangaldoi,Assam,,
Reliance Smart,Doboka,Assam,,
Reliance Smart,Chirmiri,Chhattisgarh,,
Reliance Smart,Gulbarga,Karnataka,,
Reliance Smart,Khammam,Telangana,,
Reliance Smart,WARANGAL,Telangana,,
Reliance Smart,Siddipet,Telangana,,
Reliance Smart,Sangareddy,Telangana,,
Reliance Smart,Suryapet,Telangana,,
Reliance Smart,Nizamabad,Telangana,,
Reliance Smart,Jagtial,Telangana,,
Reliance Smart,Husnabad,Telangana,,
Reliance Smart,Nagarkurnool,Telangana,,
Reliance Smart,Ramagundam,Telangana,,
Reliance Smart,Metpalle,Telangana,,
Reliance Smart,Miryalguda,Telangana,,
Reliance Smart,Kalwakurthy,Telangana,,
Reliance Smart,Wanaparthi,Telangana,,
Reliance Smart,MahabubNagar,Telangana,,
Reliance Smart,Jammikunta,Telangana,,
Reliance Smart,Gajwel,Telangana,,
Reliance Smart,Madhira,Telangana,,
Reliance Smart,Varni,Telangana,,
Reliance Smart,Maheswaram,Telangana,,
Reliance Smart,Sirpur,Telangana,,
Reliance Smart,Pochampalle,Telangana,,
Reliance Smart,Medak,Telangana,,
Reliance Smart,Nalgonda,Telangana,,
Reliance Smart,Gadwal,Telangana,,
Reliance Smart,Palwancha,Telangana,,
Reliance Smart,Zahirabad,Telangana,,
Reliance Smart,Basavakalyan,Karnataka,,
Reliance Smart,Kothakota,Telangana,,
Reliance Smart,BHOPAL,Madhya Pradesh,,
Reliance Smart,INDORE,Madhya Pradesh,,
Reliance Smart,Sagar,Madhya Pradesh,,
Reliance Smart,UJJAIN,Madhya Pradesh,,
Reliance Smart,GUNA,Madhya Pradesh,,
Reliance Smart,Shajapur,Madhya Pradesh,,
Reliance Smart,Ratlam,Madhya Pradesh,,
Reliance Smart,Nagda,Madhya Pradesh,,
Reliance Smart,hoshangabad,Madhya Pradesh,,
Reliance Smart,Khandwa,Madhya Pradesh,,
Reliance Smart,Vidisha,Madhya Pradesh,,
Reliance Smart,Nowgong,Madhya Pradesh,,
Reliance Smart,Damoh,Madhya Pradesh,,
Reliance Smart,Harda,Madhya Pradesh,,
Reliance Smart,Shujalpur,Madhya Pradesh,,
Reliance Smart,Shivpuri,Madhya Pradesh,,
Reliance Smart,Burhanpur,Madhya Pradesh,,
Reliance Smart,Chhatarpur,Madhya Pradesh,,
Reliance Smart,Sidhi,Madhya Pradesh,,
Reliance Smart,Rewa,Madhya Pradesh,,
Reliance Smart,Sironj,Madhya Pradesh,,
Reliance Smart,Pithampur,Madhya Pradesh,,
Reliance Smart,Neemuch,Madhya Pradesh,,
Reliance Smart,Panna,Madhya Pradesh,,
Reliance Smart,Mandla,Madhya Pradesh,,
Reliance Smart,Sarni,Madhya Pradesh,,
Reliance Smart,Jhabua,Madhya Pradesh,,
Reliance Smart,Raghogarh-Vijaypur,Madhya Pradesh,,
Reliance Smart,Betul,Madhya Pradesh,,
Reliance Smart,Raisen,Madhya Pradesh,,
Reliance Smart,Tikamgarh,Madhya Pradesh,,
Reliance Smart,Bina-Etawa,Madhya Pradesh,,
Reliance Smart,Joura,Madhya Pradesh,,
Reliance Smart,Hanumangarh,Rajasthan,,
Reliance Smart,Ganganagar,Rajasthan,,
Reliance Smart,Pilibanga,Rajasthan,,
Reliance Smart,Sirhind-FategarhSahib,Punjab,,
Reliance Smart,Chandigarh,Chandigarh,,
Reliance Smart,Kangra,Himachal Pradesh,,
Reliance Smart,Kullu,Himachal Pradesh,,
Reliance Smart,Palampur,Himachal Pradesh,,
Reliance Smart,Ghumarwin,Himachal Pradesh,,
Reliance Smart,Baddi,Himachal Pradesh,,
Reliance Smart,Solan,Himachal Pradesh,,
Reliance Smart,Parwanoo,Himachal Pradesh,,
Reliance Smart,Mohali,Punjab,,
Reliance Smart,Banikhet,Himachal Pradesh,,
Reliance Smart,Hoshiarpur,Punjab,,
Reliance Smart,Sirmour,Himachal Pradesh,,
Reliance Smart,Hamirpur,Himachal Pradesh,,
Reliance Smart,Shimla,Himachal Pradesh,,
Reliance Smart,Amloh,Punjab,,
Reliance Smart,Zirakpur,Punjab,,
Reliance Smart,Budhlada,Punjab,,
Reliance Smart,Muktsar,Punjab,,
Reliance Smart,DeraGopipur,Himachal Pradesh,,
Reliance Smart,Bathinda,Punjab,,
Reliance Smart,Balachaur,Punjab,,
Reliance Smart,Qadian,Punjab,,
Reliance Smart,Dharmsala,Himachal Pradesh,,
Reliance Smart,SultanpurLodhi,Punjab,,
Reliance Smart,Shahkot,Punjab,,
Reliance Smart,Patran,Punjab,,
Reliance Smart,Zira,Punjab,,
Reliance Smart,Mansa,Punjab,,
Reliance Smart,Kurali,Punjab,,
Reliance Smart,Giddarbaha,Punjab,,
Reliance Smart,Batala,Punjab,,
Reliance Smart,PaontaSahib,Himachal Pradesh,,
Reliance Smart,Samana,Punjab,,
Reliance Smart,Ajnala,Punjab,,
Reliance Smart,SbsNagar,Punjab,,
Reliance Smart,Sangrur,Punjab,,
Reliance Smart,AnandpurSahib,Punjab,,
Reliance Smart,Jagraon,Punjab,,
Reliance Smart,Ahmedgarh,Punjab,,
Reliance Smart,Faridkot,Punjab,,
Reliance Smart,DeraBassi,Punjab,,
Reliance Smart,Patti,Punjab,,
Reliance Smart,Kharar,Punjab,,
Reliance Smart,KotIseKhan,Punjab,,
Reliance Smart,BaghaPurana,Punjab,,
Reliance Smart,Talwara,Punjab,,
Reliance Smart,Firozpur,Punjab,,
Reliance Smart,TandaPB,Punjab,,
Reliance Smart,Jogindarnagar,Himachal Pradesh,,
Reliance Smart,FatehgarhSahib,Punjab,,
Reliance Smart,Bhikhi,Punjab,,
Reliance Smart,TalwandiSabo,Punjab,,
Reliance Smart,Nakodar,Punjab,,
Reliance Smart,Dharamkot,Punjab,,
Reliance Smart,Dhanaula,Punjab,,
Reliance Smart,Rupnagar,Punjab,,
Reliance Smart,Longowal,Punjab,,
Reliance Smart,Alappuzha,Kerala,,
Reliance Smart,CALICUT,Kerala,,
Reliance Smart,Kochi,Kerala,,
Reliance Smart,Kodungallur,Kerala,,
Reliance Smart,KOLLAM,Kerala,,
Reliance Smart,Thiruvananthapuram,Kerala,,
Reliance Smart,TRICHUR,Kerala,,
Reliance Smart,Trivandrum,Kerala,,
Reliance Smart,Chengannur,Kerala,,
Reliance Smart,Changanaserry,Kerala,,
Reliance Smart,Mallapuram,Kerala,,
Reliance Smart,Kottayam,Kerala,,
Reliance Smart,Thiruvananthpurum,Kerala,,
Reliance Smart,Ernakulam,Kerala,,
Reliance Smart,Thodupuzha,Kerala,,
Reliance Smart,Cherai,Kerala,,
Reliance Smart,Alathur,Kerala,,
Reliance Smart,Thiruvalla,Kerala,,
Reliance Smart,Pathanamthitta,Kerala,,
Reliance Smart,Karakulam,Kerala,,
Reliance Smart,Paripally,Kerala,,
Reliance Smart,Kakkanad,Kerala,,
Reliance Smart,thiruvananthap,Kerala,,
Reliance Smart,Wandoor,Kerala,,
Reliance Smart,Erattupetta,Kerala,,
Reliance Smart,Venjaramoodu,Kerala,,
Reliance Smart,Palakkad,Kerala,,
Reliance Smart,Puthuppally,Kerala,,
Reliance Smart,Thiruvananthpuram,Kerala,,
Reliance Smart,Kadavoor,Kerala,,
Reliance Smart,Kozhikode,Kerala,,
Reliance Smart,Ettumanoor,Kerala,,
Reliance Smart,Sulthanbathery,Kerala,,
Reliance Smart,Karunagappally,Kerala,,
Reliance Smart,Malappuram,Kerala,,
Reliance Smart,Palai,Kerala,,
Reliance Smart,Venganoor,Kerala,,
Reliance Smart,choondal,Kerala,,
Reliance Smart,Idukki,Kerala,,
Reliance Smart,Cherthala,Kerala,,
Reliance Smart,Kasaragod,Kerala,,
Reliance Smart,Kattappana,Kerala,,
Reliance Smart,Changanassery,Kerala,,
Reliance Smart,Neyyattinkara,Kerala,,
Reliance Smart,Kondungallur,Kerala,,
Reliance Smart,Attingal,Kerala,,
Reliance Smart,pattambi,Kerala,,
Reliance Smart,Kondotty,Kerala,,
Reliance Smart,Gangtok,Sikkim,,
Reliance Smart,Siliguri,West Bengal,,
Reliance Smart,Darjeeling,West Bengal,,
Reliance Smart,Coochbehar,West Bengal,,
Reliance Smart,Balurghat,West Bengal,,
Reliance Smart,Malda,West Bengal,,
Reliance Smart,Falakata,West Bengal,,
Reliance Smart,Alipurduar,West Bengal,,
Reliance Smart,Islampur,West Bengal,,
Reliance Smart,UttarDinajpur,West Bengal,,
Reliance Smart,Darjiling,West Bengal,,
Reliance Smart,Chanchal,West Bengal,,
Reliance Smart,Jalpaiguri,West Bengal,,
Reliance Smart,Dhupguri,West Bengal,,
Reliance Smart,Dharampur,West Bengal,,
Reliance Smart,Kaliaganj,West Bengal,,
Reliance Smart,Ratua,West Bengal,,
Reliance Smart,Dalkhola,West Bengal,,
Reliance Smart,Harirampur,West Bengal,,
Reliance Smart,Buniadpur,West Bengal,,
Reliance Smart,Maldah,West Bengal,,
Reliance Smart,Baishnabnagar,West Bengal,,
Reliance Smart,Tufanganj,West Bengal,,
Reliance Smart,Balangir,Odisha,,
Reliance Smart,Bhadrak,Odisha,,
Reliance Smart,BHUBANESHWAR,Odisha,,
Reliance Smart,Bhubaneswar,Odisha,,
Reliance Smart,CUTTACK,Odisha,,
Reliance Smart,Dhenkanal,Odisha,,
Reliance Smart,JajpurRoad,Odisha,,
Reliance Smart,Puri,Odisha,,
Reliance Smart,Semiliguda,Odisha,,
Reliance Smart,Baleshwar,Odisha,,
Reliance Smart,Nayagarh,Odisha,,
Reliance Smart,Jagatsinghpur,Odisha,,
Reliance Smart,Kendujhar,Odisha,,
Reliance Smart,Khurd,Odisha,,
Reliance Smart,Sambalpur,Odisha,,
Reliance Smart,Sundergarh,Odisha,,
Reliance Smart,Rourkela,Odisha,,
Reliance Smart,Brahmapur,Odisha,,
Reliance Smart,Bhawanipatna,Odisha,,
Reliance Smart,Belpara,Odisha,,
Reliance Smart,Kendrapada,Odisha,,
Reliance Smart,Salipur,Odisha,,
Reliance Smart,Balasore,Odisha,,
Reliance Smart,Balugaon,Odisha,,
Reliance Smart,Trisulia,Odisha,,
Reliance Smart,Jaleshwar,Odisha,,
Reliance Smart,Rayagada,Odisha,,
Reliance Smart,Nimapada,Odisha,,
Reliance Smart,Rajgangpur,Odisha,,
Reliance Smart,Dharamgarh,Odisha,,
Reliance Smart,Barapali,Odisha,,
Reliance Smart,Jharsuguda,Odisha,,
Reliance Smart,Athagad,Odisha,,
Reliance Smart,Jaraka,Odisha,,
Reliance Smart,RaghunathpurOr,Odisha,,
Reliance Smart,Tangi,Odisha,,
Reliance Smart,Bargarh,Odisha,,
Reliance Smart,Angul,Odisha,,
Reliance Smart,Baliapal,Odisha,,
Reliance Smart,Biramitrapur,Odisha,,
Reliance Smart,NewBarrackpore,West Bengal,,
Reliance Smart,Singur,West Bengal,,
Reliance Smart,Asansol,West Bengal,,
Reliance Smart,Howrah,West Bengal,,
Reliance Smart,Gobardanga,West Bengal,,
Reliance Smart,Bankura,West Bengal,,
Reliance Smart,Basirhat,West Bengal,,
Reliance Smart,Kulti,West Bengal,,
Reliance Smart,Bagula,West Bengal,,
Reliance Smart,Haldia,West Bengal,,
Reliance Smart,Suri,West Bengal,,
Reliance Smart,Chakdaha,West Bengal,,
Reliance Smart,Domjur,West Bengal,,
Reliance Smart,Aurangabad,West Bengal,,
Reliance Smart,Bolpur,West Bengal,,
Reliance Smart,Bongaon,West Bengal,,
Reliance Smart,Jhargram,West Bengal,,
Reliance Smart,Kandi,West Bengal,,
Reliance Smart,BhangarRaghunathpur,West Bengal,,
Reliance Smart,Taki,West Bengal,,
Reliance Smart,Habra,West Bengal,,
Reliance Smart,Baharampore,West Bengal,,
Reliance Smart,Falta,West Bengal,,
Reliance Smart,Bishnupur,West Bengal,,
Reliance Smart,Neamatpur,West Bengal,,
Reliance Smart,Phulia,West Bengal,,
Reliance Smart,Ashoknagar,West Bengal,,
Reliance Smart,Sagarpara,West Bengal,,
Reliance Smart,Murshidabad,West Bengal,,
Reliance Smart,Dhakuria,West Bengal,,
Reliance Smart,Shyampur,West Bengal,,
Reliance Smart,Kharagpur,West Bengal,,
Reliance Smart,Ankurhati,West Bengal,,
Reliance Smart,Puruliya,West Bengal,,
Reliance Smart,North24Pargan,West Bengal,,
Reliance Smart,Canning,West Bengal,,
Reliance Smart,Guskara,West Bengal,,
Reliance Smart,Moyna,West Bengal,,
Reliance Smart,Halishar,West Bengal,,
Reliance Smart,Sainthia,West Bengal,,
Reliance Smart,Ranaghat,West Bengal,,
Reliance Smart,Saithia,West Bengal,,
Reliance Smart,PurbaBardhaman,West Bengal,,
Reliance Smart,Belda,West Bengal,,
Reliance Smart,Barddhaman,West Bengal,,
Reliance Smart,Surajpurhat,West Bengal,,
Reliance Smart,Amtala,West Bengal,,
Reliance Smart,Sonarpur,West Bengal,,
Reliance Smart,Natunhat,West Bengal,,
Reliance Smart,North24Parganas,West Bengal,,
Reliance Smart,KhukurDaha,West Bengal,,
Reliance Smart,Baduria,West Bengal,,
Reliance Smart,Kanchrapara,West Bengal,,
Reliance Smart,Nalhati,West Bengal,,
Reliance Smart,Majhdia,West Bengal,,
Reliance Smart,Jiaganj-A,West Bengal,,
Reliance Smart,Bandel,West Bengal,,
Reliance Smart,COIMBATORE,Tamil Nadu,,
Reliance Smart,MADURAI,Tamil Nadu,,
Reliance Smart,SALEM,Tamil Nadu,,
Reliance Smart,Tirupur,Tamil Nadu,,
Reliance Smart,Dindigul,Tamil Nadu,,
Reliance Smart,Erode,Tamil Nadu,,
Reliance Smart,Tirunelveli,Tamil Nadu,,
Reliance Smart,Oddanchatram,Tamil Nadu,,
Reliance Smart,Pollachi,Tamil Nadu,,
Reliance Smart,Melur,Tamil Nadu,,
Reliance Smart,Tiruppur,Tamil Nadu,,
Reliance Smart,Virudhunagar,Tamil Nadu,,
Reliance Smart,Batlagundu,Tamil Nadu,,
Reliance Smart,Nagercoil,Tamil Nadu,,
Reliance Smart,Kangeyam,Tamil Nadu,,
Reliance Smart,Pallapatti,Tamil Nadu,,
Reliance Smart,Palladam,Tamil Nadu,,
Reliance Smart,Sankarankoil,Tamil Nadu,,
Reliance Smart,Cumbum,Tamil Nadu,,
Reliance Smart,Vilankurichi,Tamil Nadu,,
Reliance Smart,Bodinayakanur,Tamil Nadu,,
Reliance Smart,Gobichettipala,Tamil Nadu,,
Reliance Smart,Kalingarayanpalayam,Tamil Nadu,,
Reliance Smart,TKallupatti,Tamil Nadu,,
Reliance Smart,Theni,Tamil Nadu,,
Reliance Smart,Marthandam,Tamil Nadu,,
Reliance Smart,Annur,Tamil Nadu,,
Reliance Smart,Thenkarai,Tamil Nadu,,
Reliance Smart,Elampillai,Tamil Nadu,,
Reliance Smart,Kovaipudur,Tamil Nadu,,
Reliance Smart,Tenkasi,Tamil Nadu,,
Reliance Smart,JABALPUR,Madhya Pradesh,,
Reliance Smart,Shahdol,Madhya Pradesh,,
Reliance Smart,Chhindwara,Madhya Pradesh,,
Reliance Smart,Buldana,Maharashtra,,
Reliance Smart,NAGPUR,Maharashtra,,
Reliance Smart,Nanded,Maharashtra,,
Reliance Smart,Chandrapur,Maharashtra,,
Reliance Smart,Washim,Maharashtra,,
Reliance Smart,Wardha,Maharashtra,,
Reliance Smart,Gadchiroli,Maharashtra,,
Reliance Smart,Yavatmal,Maharashtra,,
Reliance Smart,Bhandara,Maharashtra,,
Reliance Smart,Kotol,Maharashtra,,
Reliance Smart,Amravati,Maharashtra,,
Reliance Smart,anjangaon,Maharashtra,,
Reliance Smart,Akola,Maharashtra,,
Reliance Smart,Seoni,Madhya Pradesh,,
Reliance Smart,Maihar,Madhya Pradesh,,
Reliance Smart,Burhar-Dhanpuri,Madhya Pradesh,,
Reliance Smart,Amalner,Maharashtra,,
Reliance Smart,Seloo,Maharashtra,,
Reliance Smart,Shegaon,Maharashtra,,
Reliance Smart,BANGALORE,Karnataka,,
Reliance Smart,BELGAUM,Karnataka,,
Reliance Smart,Bijapur,Karnataka,,
Reliance Smart,Davanagere,Karnataka,,
Reliance Smart,DHARWAD,Karnataka,,
Reliance Smart,Gangavati,Karnataka,,
Reliance Smart,HUBLI,Karnataka,,
Reliance Smart,Mandya,Karnataka,,
Reliance Smart,Puttur,Karnataka,,
Reliance Smart,Bhadravathi,Karnataka,,
Reliance Smart,Udupi,Karnataka,,
Reliance Smart,Mangalore,Karnataka,,
Reliance Smart,Bellary,Karnataka,,
Reliance Smart,Kundapura,Karnataka,,
Reliance Smart,Chikmagalur,Karnataka,,
Reliance Smart,Hassan,Karnataka,,
Reliance Smart,Haveri,Karnataka,,
Reliance Smart,Harihar,Karnataka,,
Reliance Smart,Kurnool,Andhra Pradesh,,
Reliance Smart,Jamkhandi,Karnataka,,
Reliance Smart,Maddur,Karnataka,,
Reliance Smart,Bhadravati,Karnataka,,
Reliance Smart,Shimoga,Karnataka,,
Reliance Smart,Tumkur,Karnataka,,
Reliance Smart,Athni,Karnataka,,
Reliance Smart,Gundlupet,Karnataka,,
Reliance Smart,Ilkal,Karnataka,,
Reliance Smart,Sirsi,Karnataka,,
Reliance Smart,Ramanagar,Karnataka,,
Reliance Smart,Channarayapatna,Karnataka,,
Reliance Smart,Bantval,Karnataka,,
Reliance Smart,Panjim,Goa,,
Reliance Smart,Mudigere,Karnataka,,
Reliance Smart,Krishnarajanagara,Karnataka,,
Reliance Smart,Kadur,Karnataka,,
Reliance Smart,GUNTUR,Andhra Pradesh,,
Reliance Smart,VIJAYAWADA,Andhra Pradesh,,
Reliance Smart,VISAKHAPATNAM,Andhra Pradesh,,
Reliance Smart,VISHAKAPATNAM,Andhra Pradesh,,
Reliance Smart,Vizag,Andhra Pradesh,,
Reliance Smart,Rajahmundry,Andhra Pradesh,,
Reliance Smart,Pericherla,Andhra Pradesh,,
Reliance Smart,Gannavaram,Andhra Pradesh,,
Reliance Smart,Ramachandrapuram,Andhra Pradesh,,
Reliance Smart,Kakinada,Andhra Pradesh,,
Reliance Smart,Kaikalur,Andhra Pradesh,,
Reliance Smart,Nuzivid,Andhra Pradesh,,
Reliance Smart,Eluru,Andhra Pradesh,,
Reliance Smart,Markapur,Andhra Pradesh,,
Reliance Smart,Chirala,Andhra Pradesh,,
Reliance Smart,Palakonda,Andhra Pradesh,,
Reliance Smart,Tuni,Andhra Pradesh,,
Reliance Smart,Kothapeta,Andhra Pradesh,,
Reliance Smart,Tadepalligudem,Andhra Pradesh,,
Reliance Smart,Guduru,Andhra Pradesh,,
Reliance Smart,Salur,Andhra Pradesh,,
Reliance Smart,Vuyyuru,Andhra Pradesh,,
Reliance Smart,Bapatla,Andhra Pradesh,,
Reliance Smart,Attili,Andhra Pradesh,,
Reliance Smart,Nandigama,Andhra Pradesh,,
Reliance Smart,Kanchikacherla,Andhra Pradesh,,
Reliance Smart,Bobbili,Andhra Pradesh,,
Reliance Smart,Ranastalam,Andhra Pradesh,,
Reliance Smart,Thiruvallur,Tamil Nadu,,
Reliance Smart,Kancheepuram,Tamil Nadu,,
Reliance Smart,Ambur,Tamil Nadu,,
Reliance Smart,Tiruvannamalai,Tamil Nadu,,
Reliance Smart,Neyveli,Tamil Nadu,,
Reliance Smart,Pondicherry,Puducherry,,
Reliance Smart,Gummidipoondi,Tamil Nadu,,
Reliance Smart,Arcot,Tamil Nadu,,
Reliance Smart,Kondur,Telangana,,
Reliance Smart,Alapakkam,Tamil Nadu,,
Reliance Smart,Karaikal,Puducherry,,
Reliance Smart,Kandamangalam,Tamil Nadu,,
Reliance Smart,Minjur,Tamil Nadu,,
Reliance Smart,Vadalur,Tamil Nadu,,
Reliance Smart,Purnia,Bihar,,
Reliance Smart,HARYANANCR,Haryana,,
Reliance Smart,Yamunanagar,Haryana,,
Reliance Smart,Morena,Madhya Pradesh,,
Reliance Smart,Ladwa,Haryana,,
Reliance Smart,Pehowa,Haryana,,
Reliance Smart,Ganaur,Haryana,,
Reliance Smart,Gwalior,Madhya Pradesh,,
Reliance Smart,Hansi,Haryana,,
Reliance Smart,Bulandshahar,Uttar Pradesh,,
Reliance Smart,Bijnor,Uttar Pradesh,,
Reliance Smart,Jind,Haryana,,
Reliance Smart,Karnal,Haryana,,
Reliance Smart,Jhajjar,Haryana,,
Reliance Smart,Khurja,Uttar Pradesh,,
Reliance Smart,UdhamSinghNagar,Uttarakhand,,
Reliance Smart,UdhamSingh,Uttarakhand,,
Reliance Smart,Deharadun,Uttarakhand,,
Reliance Smart,Ismailabad,Haryana,,
Reliance Smart,Vikasnagar,Uttarakhand,,
Reliance Smart,Baghpat,Uttar Pradesh,,
Reliance Smart,Thanesar,Haryana,,
Reliance Smart,Cheeka,Haryana,,
Reliance Smart,mandidabwali,Haryana,,
Reliance Smart,Shamli,Uttar Pradesh,,
Reliance Smart,Najibabad,Uttar Pradesh,,
Reliance Smart,Nainital,Uttarakhand,,
Reliance Smart,Gadarpur,Uttarakhand,,
Reliance Smart,Jaspur,Uttarakhand,,
Reliance Smart,Kiccha,Uttarakhand,,
Reliance Smart,Roorkee,Uttarakhand,,
Reliance Smart,Jwalapur,Uttarakhand,,
Reliance Smart,Bhind,Madhya Pradesh,,
Reliance Smart,Ramnagar,Uttarakhand,,
Reliance Smart,Uttaranchal,Uttarakhand,,
Reliance Smart,Almora,Uttarakhand,,
Reliance Smart,Sitarganj,Uttarakhand,,
Reliance Smart,Kaithal,Haryana,,
Reliance Smart,MandiAdampur,Haryana,,
Reliance Smart,Selakui,Uttarakhand,,
Reliance Smart,modinagar,Uttar Pradesh,,
Reliance Smart,Taraori,Haryana,,
Reliance Smart,Sirsa,Haryana,,
Reliance Smart,Kalanwali,Haryana,,
Reliance Smart,Ranipokhari,Uttarakhand,,
Reliance Smart,Champawat,Uttarakhand,,
Reliance Smart,Bhauwala,Uttarakhand,,
Reliance Smart,Kasganj,Uttar Pradesh,,
Reliance Smart,CharkhiDadri,Haryana,,
Reliance Smart,Bhiwani,Haryana,,
Reliance Smart,Budaun,Uttar Pradesh,,
Reliance Smart,Bulandshahr,Uttar Pradesh,,
Reliance Smart,Bhaniawala,Uttarakhand,,
Reliance Smart,Maham,Haryana,,
Reliance Smart,Aligarh,Uttar Pradesh,,
Reliance Smart,Shahbad,Haryana,,
Reliance Smart,Kaladhungi,Uttarakhand,,
Reliance Smart,Nagina,Uttar Pradesh,,
Reliance Smart,Kotdwar,Uttarakhand,,
Reliance Smart,Gangoh,Uttar Pradesh,,
Reliance Smart,Kairana,Uttar Pradesh,,
Reliance Smart,Safidon,Haryana,,
Reliance Smart,Baraut,Uttar Pradesh,,
Reliance Smart,Kiratpur,Uttarakhand,,
Reliance Smart,Pithoragarh,Uttarakhand,,
Reliance Smart,Bageshwar,Uttarakhand,,
Reliance Smart,Fatehabad,Haryana,,
Reliance Smart,Gohana,Haryana,,
Reliance Smart,Pataudi,Haryana,,
Reliance Smart,Ujhani,Uttar Pradesh,,
Reliance Smart,Laksar,Uttarakhand,,
Reliance Smart,Farrukhnagar,Haryana,,
Reliance Smart,TIRUCHIRAPPALLI,Tamil Nadu,,
Reliance Smart,Pattukkottai,Tamil Nadu,,
Reliance Smart,Thuraiyur,Tamil Nadu,,
Reliance Smart,Thanjavur,Tamil Nadu,,
Reliance Smart,Srirangam,Tamil Nadu,,
Reliance Smart,Aranthangi,Tamil Nadu,,
Reliance Smart,Nashik,Maharashtra,,
Reliance Smart,Nasik,Maharashtra,,
Reliance Smart,PUNE,Maharashtra,,
Reliance Smart,Sangli,Maharashtra,,
Reliance Smart,Kolhapur,Maharashtra,,
Reliance Smart,Baramati,Maharashtra,,
Reliance Smart,Osmanabad,Maharashtra,,
Reliance Smart,Dhule,Maharashtra,,
Reliance Smart,Wadegaon,Maharashtra,,
Reliance Smart,Ahmadpur,Maharashtra,,
Reliance Smart,Beed,Maharashtra,,
Reliance Smart,Indapur,Maharashtra,,
Reliance Smart,Dabhadi,Maharashtra,,
Reliance Smart,Jalna,Maharashtra,,
Reliance Smart,Hingoli,Maharashtra,,
Reliance Smart,Sangamner,Maharashtra,,
Reliance Smart,Parli,Maharashtra,,
Reliance Smart,Satara,Maharashtra,,
Reliance Smart,Tasgaon,Maharashtra,,
Reliance Smart,Ahmadnagar,Maharashtra,,
Reliance Smart,Paithan,Maharashtra,,
Reliance Smart,udgir,Maharashtra,,
Reliance Smart,Latur,Maharashtra,,
Reliance Smart,Solapur,Maharashtra,,
Reliance Smart,Icahalkaranji,Maharashtra,,
Reliance Smart,Mumbai,Maharashtra,,
Reliance Smart,Ambad,Maharashtra,,
Reliance Smart,Ozar,Maharashtra,,
Reliance Smart,Shikrapur,Maharashtra,,
Reliance Smart,Jamkhed,Maharashtra,,
Reliance Smart,Ambejogai,Maharashtra,,
Reliance Smart,Mohol,Maharashtra,,
Reliance Smart,Chandvad,Maharashtra,,
Reliance Smart,Vaijapur,Maharashtra,,
Reliance Smart,Sillod,Maharashtra,,
Reliance Smart,Bhadgaon,Maharashtra,,
Reliance Smart,Chikhali,Maharashtra,,
Reliance Smart,Atpadi,Maharashtra,,
Reliance Smart,Igatpuri,Maharashtra,,
Reliance Smart,CHITTOOR,Andhra Pradesh,,
Reliance Smart,Nellore,Andhra Pradesh,,
Reliance Smart,Tirupati,Andhra Pradesh,,
Reliance Smart,Kolar,Karnataka,,
Reliance Smart,Hosur,Tamil Nadu,,
Reliance Smart,Anantapur,Andhra Pradesh,,
Reliance Smart,Mandapeta,Andhra Pradesh,,
Reliance Smart,ongole,Andhra Pradesh,,
Reliance Smart,Krishnagiri,Tamil Nadu,,
Reliance Smart,Kovvur,Andhra Pradesh,,
Reliance Smart,Mulbagal,Karnataka,,
Reliance Smart,Pileru,Andhra Pradesh,,
Reliance Smart,Singarayakonda,Andhra Pradesh,,
Reliance Smart,Akuthotapally,Andhra Pradesh,,
Reliance Smart,AJMER,Rajasthan,,
Reliance Smart,Alwar,Rajasthan,,
Reliance Smart,Bhilwara,Rajasthan,,
Reliance Smart,BIKANER,Rajasthan,,
Reliance Smart,JODHPUR,Rajasthan,,
Reliance Smart,Nokha,Rajasthan,,
Reliance Smart,Sikar,Rajasthan,,
Reliance Smart,Kota,Rajasthan,,
Reliance Smart,Kekri,Rajasthan,,
Reliance Smart,Chittaurgarh,Rajasthan,,
Reliance Smart,Didwana,Rajasthan,,
Reliance Smart,Behror,Rajasthan,,
Reliance Smart,Deoli,Rajasthan,,
Reliance Smart,KuchamanCity,Rajasthan,,
Reliance Smart,Jhujhunu,Rajasthan,,
Reliance Smart,Tonk,Rajasthan,,
Reliance Smart,Asind,Rajasthan,,
Reliance Smart,Jhunjhunun,Rajasthan,,
Reliance Smart,Churu,Rajasthan,,
Reliance Smart,Rajgarh,Rajasthan,,
Reliance Smart,Jaitaran,Rajasthan,,
Reliance Smart,Jalore,Rajasthan,,
Reliance Smart,Napasar,Rajasthan,,
Reliance Smart,Dausa,Rajasthan,,
Reliance Smart,Pokaran,Rajasthan,,
Reliance Smart,Bharatpur,Rajasthan,,
Reliance Smart,Bhinmal,Rajasthan,,
Reliance Smart,Reengus,Rajasthan,,
Reliance Smart,Baran,Rajasthan,,
Reliance Smart,Osian,Rajasthan,,
Reliance Smart,PALI,Rajasthan,,
Reliance Smart,Makrana,Rajasthan,,
Reliance Smart,Nagaur,Rajasthan,,
Reliance Smart,Parbatsar,Rajasthan,,
Reliance Smart,Pratapgarh,Rajasthan,,
Reliance Smart,Barmer,Rajasthan,,
Reliance Smart,Suratgarh,Rajasthan,,
Reliance Smart,Bundi,Rajasthan,,
Reliance Smart,Pilani,Rajasthan,,
Reliance Smart,Bayana,Rajasthan,,
Reliance Smart,Lunkaransar,Rajasthan,,
Reliance Smart,Phagi,Rajasthan,,
Reliance Smart,Falna,Rajasthan,,
Reliance Smart,Sasaram,Bihar,,
Reliance Smart,Dhanbad,Jharkhand,,
Reliance Smart,JAMSHEDPUR,Jharkhand,,
Reliance Smart,Muzaffarpur,Bihar,,
Reliance Smart,Bhagalpur,Bihar,,
Reliance Smart,Barbigha,Bihar,,
Reliance Smart,Madhubani,Bihar,,
Reliance Smart,Hazaribag,Jharkhand,,
Reliance Smart,Jehanabad,Bihar,,
Reliance Smart,Mokameh,Bihar,,
Reliance Smart,Chhapra,Bihar,,
Reliance Smart,Bhabua,Bihar,,
Reliance Smart,Banka,Bihar,,
Reliance Smart,Gopalganj,Bihar,,
Reliance Smart,Gaya,Bihar,,
Reliance Smart,Behea,Bihar,,
Reliance Smart,Bettiah,Bihar,,
Reliance Smart,BodhGaya,Bihar,,
Reliance Smart,Bokaro,Jharkhand,,
Reliance Smart,Katihar,Bihar,,
Reliance Smart,Siwan,Bihar,,
Reliance Smart,Daudnagar,Bihar,,
Reliance Smart,Motihari,Bihar,,
Reliance Smart,Begusarai,Bihar,,
Reliance Smart,Rajgir,Bihar,,
Reliance Smart,Fatwah,Bihar,,
Reliance Smart,Hajipur,Bihar,,
Reliance Smart,Barh,Bihar,,
Reliance Smart,Forbesganj,Bihar,,
Reliance Smart,PakriDayal,Bihar,,
Reliance Smart,Sahebganj,Jharkhand,,
Reliance Smart,Buxar,Bihar,,
Reliance Smart,Samastipur,Bihar,,
Reliance Smart,Ghatshila,Jharkhand,,
Reliance Smart,Jamui,Bihar,,
Reliance Smart,Chapra,Bihar,,
Reliance Smart,Patratu,Jharkhand,,
Reliance Smart,Jamtara,Jharkhand,,
Reliance Smart,Kishanganj,Bihar,,
Reliance Smart,Sheikhpura,Bihar,,
Reliance Smart,Sitamarhi,Bihar,,
Reliance Smart,Bakhtiarpur,Bihar,,
Reliance Smart,Darbhanga,Bihar,,
Reliance Smart,Munger,Bihar,,
Reliance Smart,Saran,Bihar,,
Reliance Smart,Gumla,Jharkhand,,
Reliance Smart,Lakhisarai,Bihar,,
Reliance Smart,Godda,Jharkhand,,
Reliance Smart,Bettaiah,Bihar,,
Reliance Smart,Araria,Bihar,,
Reliance Smart,Arrah,Bihar,,
Reliance Smart,Simri,Bihar,,
Reliance Smart,Nalanda,Bihar,,
Reliance Smart,BhairoBhoop,Bihar,,
Reliance Smart,Ramgarh,Jharkhand,,
Reliance Smart,AmnaurHarnaraen,Bihar,,
Reliance Smart,Giridh,Jharkhand,,
Reliance Smart,BokaroSteelCity,Jharkhand,,
Reliance Smart,Sherghati,Bihar,,
Reliance Smart,RaxaulBaz,Bihar,,
Reliance Smart,Dehri,Bihar,,
Reliance Smart,Nawada,Bihar,,
Reliance Smart,Sonepur,Bihar,,
Reliance Smart,Bihat,Bihar,,
Reliance Smart,Darauli,Bihar,,
Reliance Smart,Barauli,Bihar,,
Reliance Smart,Bihariganj,Bihar,,
Reliance Smart,Kanti,Bihar,,
Reliance Smart,Kudra,Bihar,,
Reliance Smart,Latehar,Jharkhand,,
Reliance Smart,Jhajha,Bihar,,
Reliance Smart,Chanari,Bihar,,
Reliance Smart,Senha,Bihar,,
Reliance Smart,Torpa,Jharkhand,,
Reliance Smart,Deoghar,Jharkhand,,
Reliance Smart,Sheohar,Bihar,,
Reliance Smart,Dumka,Jharkhand,,
Reliance Smart,Khunti,Jharkhand,,
Reliance Smart,NagarNahusa,Jharkhand,,
Reliance Smart,Naugachhia,Bihar,,
Reliance Smart,Kandra,Jharkhand,,
Reliance Smart,Sultanganj,Bihar,,
Reliance Smart,AHMEDABAD,Gujarat,,
Reliance Smart,GandhiNagar,Gujarat,,
Reliance Smart,Surat,Gujarat,,
Reliance Smart,VADODARA,Gujarat,,
Reliance Smart,Dungarpur,Rajasthan,,
Reliance Smart,Bhavnagar,Gujarat,,
Reliance Smart,Navsari,Gujarat,,
Reliance Smart,Jamnagar,Gujarat,,
Reliance Smart,Rajkot,Gujarat,,
Reliance Smart,Patan,Gujarat,,
Reliance Smart,Botad,Gujarat,,
Reliance Smart,Dhoraji,Gujarat,,
Reliance Smart,Borsad,Gujarat,,
Reliance Smart,Himatnagar,Gujarat,,
Reliance Smart,Bhiwadi,Rajasthan,,
Reliance Smart,Mathura,Uttar Pradesh,,
Reliance Smart,Kalka,Haryana,,
Reliance Smart,Barabanki,Uttar Pradesh,,
Reliance Smart,Pilibhit,Uttar Pradesh,,
Reliance Smart,Vrindavan,Uttar Pradesh,,
Reliance Smart,Puranpur,Uttar Pradesh,,
Reliance Smart,Sambhal,Uttar Pradesh,,
Reliance Smart,Jhansi,Uttar Pradesh,,
Reliance Smart,Jhusi,Uttar Pradesh,,
Reliance Smart,Deoria,Uttar Pradesh,,
Reliance Smart,Chandausi,Uttar Pradesh,,
Reliance Smart,Palwal,Haryana,,
Reliance Smart,Faizabad,Uttar Pradesh,,
Reliance Smart,Mirzapur,Uttar Pradesh,,
Reliance Smart,Mainpuri,Uttar Pradesh,,
Reliance Smart,Mahoba,Uttar Pradesh,,
Reliance Smart,Moradabad,Uttar Pradesh,,
Reliance Smart,Basti,Uttar Pradesh,,
Reliance Smart,Hardoi,Uttar Pradesh,,
Reliance Smart,Naraingarh,Haryana,,
Reliance Smart,ballabgarh,Haryana,,
Reliance Smart,Etah,Uttar Pradesh,,
Reliance Smart,Anpara,Uttar Pradesh,,
Reliance Smart,Bahraich,Uttar Pradesh,,
Reliance Smart,Allahabad,Uttar Pradesh,,
Reliance Smart,Aonla,Uttar Pradesh,,
Reliance Smart,Obra,Uttar Pradesh,,
Reliance Smart,Fatehpur,Uttar Pradesh,,
Reliance Smart,Pundri,Haryana,,
Reliance Smart,Mauranipur,Uttar Pradesh,,
Reliance Smart,Ayodhya,Uttar Pradesh,,
Reliance Smart,Maharajganj,Uttar Pradesh,,
Reliance Smart,Rath,Uttar Pradesh,,
Reliance Smart,Firozabad,Uttar Pradesh,,
Reliance Smart,Renukoot,Uttar Pradesh,,
Reliance Smart,Gonda,Uttar Pradesh,,
Reliance Smart,Unnao,Uttar Pradesh,,
Reliance Smart,Bansi,Uttar Pradesh,,
Reliance Smart,Akbarpur,Uttar Pradesh,,
Reliance Smart,Auraiya,Uttar Pradesh,,
Reliance Smart,Kannauj,Uttar Pradesh,,
Reliance Smart,Ghazipur,Uttar Pradesh,,
Reliance Smart,Banda,Uttar Pradesh,,
Reliance Smart,Padrauna,Uttar Pradesh,,
Reliance Smart,Nawabganj,Uttar Pradesh,,
Reliance Smart,Sultanpur,Uttar Pradesh,,
Reliance Smart,Agar,Madhya Pradesh,,
Reliance Smart,Radaur,Haryana,,
Reliance Smart,Hisar,Haryana,,
Reliance Smart,Ramapur,Uttar Pradesh,,
Reliance Smart,Hasanpur,Uttar Pradesh,,
Reliance Smart,Azamgarh,Uttar Pradesh,,
Reliance Smart,Ellenabad,Haryana,,
Reliance Smart,Noorpur,Uttar Pradesh,,
Reliance Smart,Vapi,Gujarat,,
Reliance Smart,Ambernath,Maharashtra,,
Reliance Smart,Dombivali,Maharashtra,,
Reliance Smart,NAVIMUMBAI,Maharashtra,,
Reliance Smart,Kalyan,Maharashtra,,
Reliance Smart,Badlapur,Maharashtra,,
Reliance Smart,Bhiwandi,Maharashtra,,
Reliance Smart,THANE,Maharashtra,,
Reliance Smart,Ulhasnagar,Maharashtra,,
Reliance Smart,Khopoli,Maharashtra,,
Reliance Smart,Kagal,Maharashtra,,
Reliance Smart,Panvel,Maharashtra,,
Reliance Smart,Shahapur,Maharashtra,,
Reliance Smart,vasind,Maharashtra,,
Reliance Smart,Neral,Maharashtra,,
Reliance Smart,Murbad,Maharashtra,,
Reliance Smart,Kamothe,Maharashtra,,
Reliance Smart,Shahada,Maharashtra,,
Reliance Smart,Bemetara,Chhattisgarh,,
Reliance Smart,Bhagwangola,West Bengal,,
Reliance Smart,Chalisgaon,Maharashtra,,
Reliance Smart,DaryapurB,Maharashtra,,
Reliance Smart,Hilsa,Bihar,,
Reliance Smart,Khatima,Uttarakhand,,
Reliance Smart,Malikipuram,Andhra Pradesh,,
Reliance Smart,Masrakh,Bihar,,
Reliance Smart,Nagari,Andhra Pradesh,,
Reliance Smart,Namakkal,Tamil Nadu,,
Reliance Smart,Sagardighi,West Bengal,,
Reliance Smart,SaraeRanjan,Bihar,,
Reliance Smart,Shirur,Maharashtra,,
Reliance Smart,Thorrur,Telangana,,
Reliance Smart,Tiruchendur,Tamil Nadu,,
Reliance Smart,Vicarabad,Telangana,,
Reliance Smart,Warisaliganj,Bihar,,
Reliance Smart,Guwahati/Beltola,Assam,,
Reliance Smart,FulbariSiliguri,West Bengal,,
Reliance Smart,Bhanapur-Cuttack,Odisha,,
Reliance Smart,PasingapuramMadurai,Tamil Nadu,,
Reliance Smart,Adityapur,Jharkhand,,
Reliance Smart,Baroda,Gujarat,,
Reliance Smart,Sewree,Maharashtra,,
Reliance Smart,Katni,Madhya Pradesh,,
Reliance Smart,Silchar,Assam,,
Reliance Smart,Bidar,Karnataka,,
Reliance Smart,Pathankot,Punjab,,
Reliance Smart,Keonjhar,Odisha,,
Reliance Smart,Jeypore,Odisha,,
Reliance Smart,Jajpur,Odisha,,
Reliance Smart,Krishnagar,West Bengal,,
Reliance Smart,Purulia,West Bengal,,
Reliance Smart,Bardhaman,West Bengal,,
Reliance Smart,Durgapur,West Bengal,,
Reliance Smart,BARASAT,West Bengal,,
Reliance Smart,DAVANGERE,Karnataka,,
Reliance Smart,GOA,Goa,,
Reliance Smart,Rudrapur,Uttarakhand,,
Reliance Smart,Ahmednagar,Maharashtra,,
Reliance Smart,BiharShariff,Bihar,,
Reliance Smart,Koderma,Jharkhand,,
Reliance Smart,MOKAMA,Bihar,,
Reliance Smart,Anand,Gujarat,,
Reliance Smart,Gandhidham,Gujarat,,
Reliance Smart,Bharuch,Gujarat,,
Reliance Smart,MughalSarai,Uttar Pradesh,,
Reliance Smart,VIRAR,Maharashtra,,
Reliance Smart,VASAI,Maharashtra,,
Reliance Smart,Ambikapur,Chhattisgarh,,
Reliance Smart,Jagdalpur,Chhattisgarh,,
Reliance Smart,Raichur,Karnataka,,
Reliance Smart,Bodhan,Telangana,,
Reliance Smart,Mahbubnagar,Telangana,,
Reliance Smart,Naspur,Telangana,,
Reliance Smart,Nirmal,Telangana,,
Reliance Smart,Bhuvanagiri,Telangana,,
Reliance Smart,Biaora,Madhya Pradesh,,
Reliance Smart,Satna,Madhya Pradesh,,
Reliance Smart,Nabha,Punjab,,
Reliance Smart,Nawanshahar,Punjab,,
Reliance Smart,Sirhind,Punjab,,
Reliance Smart,TarnTaran,Punjab,,
Reliance Smart,Rajpura,Punjab,,
Reliance Smart,Perinthalmanna,Kerala,,
Reliance Smart,Edappal,Kerala,,
Reliance Smart,Jaigaon,West Bengal,,
Reliance Smart,Raigunj,West Bengal,,
Reliance Smart,Baripada,Odisha,,
Reliance Smart,Bolangir,Odisha,,
Reliance Smart,Koraput,Odisha,,
Reliance Smart,Sundargarh,Odisha,,
Reliance Smart,Barghar,Odisha,,
Reliance Smart,Khurda,Odisha,,
Reliance Smart,Krishnanagar,West Bengal,,
Reliance Smart,Beharampore,West Bengal,,
Reliance Smart,Birbhum,West Bengal,,
Reliance Smart,Sivaganga,Tamil Nadu,,
Reliance Smart,Ramanathapuram,Tamil Nadu,,
Reliance Smart,Chindwara,Madhya Pradesh,,
Reliance Smart,Buldhana,Maharashtra,,
Reliance Smart,Umred,Maharashtra,,
Reliance Smart,Wani,Maharashtra,,
Reliance Smart,Higna,Maharashtra,,
Reliance Smart,Gokak,Karnataka,,
Reliance Smart,Gadag,Karnataka,,
Reliance Smart,BHEEMAVARAM,Andhra Pradesh,,
Reliance Smart,Narsaraopet,Andhra Pradesh,,
Reliance Smart,Tadepallugudem,Andhra Pradesh,,
Reliance Smart,TANUKU,Andhra Pradesh,,
Reliance Smart,Ponnuru,Andhra Pradesh,,
Reliance Smart,Krishna,Andhra Pradesh,,
Reliance Smart,Cuddalore,Tamil Nadu,,
Reliance Smart,Perambalur,Tamil Nadu,,
Reliance Smart,Dabwali,Haryana,,
Reliance Smart,TIRUCHIRAPPALL,Tamil Nadu,,
Reliance Smart,Ariyalur,Tamil Nadu,,
Reliance Smart,Karaikudi,Tamil Nadu,,
Reliance Smart,Ichalkaranji,Maharashtra,,
Reliance Smart,RATNAGIRI,Maharashtra,,
Reliance Smart,Shirdi,Maharashtra,,
Reliance Smart,Sinnar,Maharashtra,,
Reliance Smart,Nandurbar,Maharashtra,,
Reliance Smart,Alandi,Maharashtra,,
Reliance Smart,Allagada,Andhra Pradesh,,
Reliance Smart,Proddatur,Andhra Pradesh,,
Reliance Smart,Kanakapura,Karnataka,,
Reliance Smart,Dharmapuri,Tamil Nadu,,
Reliance Smart,Chittor,Andhra Pradesh,,
Reliance Smart,Kishangarh,Rajasthan,,
Reliance Smart,Kuchaman,Rajasthan,,
Reliance Smart,Rajsamand,Rajasthan,,
Reliance Smart,Garhwa,Jharkhand,,
Reliance Smart,Giridih,Jharkhand,,
Reliance Smart,Daltonganj,Jharkhand,,
Reliance Smart,ANANAD,Punjab,,
Reliance Smart,BHUJ,Gujarat,,
Reliance Smart,JUNAGADH,Gujarat,,
Reliance Smart,Mehesana,Gujarat,,
Reliance Smart,Morbi,Gujarat,,
Reliance Smart,NADIAD,Gujarat,,
Reliance Smart,Veraval,Gujarat,,
Reliance Smart,Amreli,Gujarat,,
Reliance Smart,Kalwa,Maharashtra,,
Reliance Smart,Palghar,Maharashtra,,
Reliance Smart,Alibag,Maharashtra,,
Reliance Smart,ChitrakootD,Uttar Pradesh,,
Reliance Smart,ChunniKalan,Haryana,,
Reliance Smart,YamunaN,Haryana,,
Reliance Smart,RAIGAD,Maharashtra,,
Reliance Smart,Avinashi,Tamil Nadu,,
Reliance Smart,Dharapuram,Tamil Nadu,,
Reliance Smart,Komarapalayam,Tamil Nadu,,
Reliance Smart,Mettupalayam,Tamil Nadu,,
Reliance Smart,Palani,Tamil Nadu,,
Reliance Smart,Sulur,Tamil Nadu,,
Reliance Smart,Karur,Tamil Nadu,,
Reliance Smart,Perundurai,Tamil Nadu,,
Reliance Smart,Bhavani,Tamil Nadu,,
Reliance Smart,Tiruchengode,Tamil Nadu,,
Reliance Smart,Rasipuram,Tamil Nadu,,
Reliance Smart,Anthiyur,Tamil Nadu,,
Reliance Smart,Attur,Tamil Nadu,,
Reliance Smart,Kayamkulam,Kerala,,
Reliance Smart,Janjgir-Champa,Chhattisgarh,,
Reliance Smart,Jashpur,Chhattisgarh,,
Reliance Smart,KAGAZNAGAR,Telangana,,
Reliance Smart,KAVALI,Andhra Pradesh,,
Reliance Smart,Gudur,Andhra Pradesh,,
Reliance Smart,Rafiganj,Bihar,,
Reliance Smart,Lalitpur,Uttar Pradesh,,
Reliance Smart,Suar,Uttar Pradesh,,
Reliance Smart,Nadakhali,West Bengal,,
Reliance Smart,GOLAGOKARANNA,Andhra Pradesh,,
Reliance Smart,JAGITIAL,Telangana,,
Reliance Smart,BARABNKI,Uttar Pradesh,,
Reliance Smart,Bangarmau,Uttar Pradesh,,
Reliance Smart,Thatipaka,Andhra Pradesh,,
Reliance Smart,NorthDinajpur,West Bengal,,
Reliance Smart,Tribeni,West Bengal,,
Reliance Smart,GURDASPUR,Punjab,,
Reliance Smart,Raurkela,Odisha,,
Reliance Smart,Kheenvsar,Rajasthan,,
Reliance Smart,Mahabubabad,Telangana,,
Reliance Smart,Choozhal,Tamil Nadu,,
Reliance Smart,ShahpurHp,Himachal Pradesh,,
Reliance Smart,ChainPur,Bihar,,
Reliance Smart,Chanpatia,Bihar,,
Reliance Smart,Gharaunda,Haryana,,
Reliance Smart,Rampurhat,West Bengal,,
Reliance Smart,Narsapur,Andhra Pradesh,,
Reliance Smart,Tehatta,West Bengal,,
Reliance Smart,Chirawa,Rajasthan,,
Reliance Smart,Sahapur,West Bengal,,
Reliance Smart,KosiKalan,Uttar Pradesh,,
Reliance Smart,Jaunpur,Uttar Pradesh,,
Reliance Smart,Bhadohi,Uttar Pradesh,,
Reliance Smart,Narwana,Haryana,,
Reliance Smart,Rajanagaram,Andhra Pradesh,,
Reliance Smart,AMROHA,Uttar Pradesh,,
Reliance Smart,Atrauli,Uttar Pradesh,,
Reliance Smart,Gobichettipalayam,Tamil Nadu,,
Reliance Smart,Vedasandur,Tamil Nadu,,
Reliance Smart,Jasdan,Gujarat,,
Reliance Smart,Malkangiri,Odisha,,
Reliance Smart,Domariyaganj,Uttar Pradesh,,
Reliance Smart,Payal,Punjab,,
Reliance Smart,Hospet,Karnataka,,
Reliance Smart,Gaurisagar,Assam,,
Reliance Smart,Baliapur,Jharkhand,,
Reliance Smart,Paddapuram,Andhra Pradesh,,
Reliance Smart,Malout,Punjab,,
Reliance Smart,BhawaniMandi,Rajasthan,,
Reliance Smart,Dharmanagar,Tripura,,
Reliance Smart,Tandwa,Jharkhand,,
Reliance Smart,Kichha,Uttarakhand,,
Reliance Smart,Mathabhanga,West Bengal,,
Reliance Smart,Pilkhuwa,Uttar Pradesh,,
Reliance Smart,Gondia,Maharashtra,,
Reliance Smart,JhumriTilaiya,Jharkhand,,
Reliance Smart,Lalru,Punjab,,
Reliance Smart,MUKERIAN,Punjab,,
Reliance Smart,Visnagar,Gujarat,,
Reliance Smart,Sabarkantha,Gujarat,,
Reliance Smart,Manendragarh,Chhattisgarh,,
Reliance Smart,Shahabad,Haryana,,
Reliance Smart,Tikari,Bihar,,
Reliance Smart,Chikhli,Gujarat,,
Reliance Smart,Mudhol,Karnataka,,
Reliance Smart,Kahalgaon,Bihar,,
Reliance Smart,Kalyani,West Bengal,,
Reliance Smart,Hastinapur,Uttar Pradesh,,
Reliance Smart,Baheri,Uttar Pradesh,,
Reliance Smart,Sivakasi,Tamil Nadu,,
Reliance Smart,Bansberia,West Bengal,,
Reliance Smart,Phulwaria,Bihar,,
Reliance Smart,BirparaTeaGarden,West Bengal,,
Reliance Smart,RamganjMandi,Rajasthan,,
Reliance Smart,Barwaha,Madhya Pradesh,,
Reliance Smart,Neemrana,Rajasthan,,
Reliance Smart,Porbandar,Gujarat,,
Reliance Smart,Mekhliganj,West Bengal,,
Reliance Smart,Andar,Bihar,,
Reliance Smart,East Godavari,Andhra Pradesh,,
Reliance Smart,AMALAPURAM,Andhra Pradesh,,
Reliance Smart,Sadasivpet,Telangana,,
Reliance Smart,Channapatna,Karnataka,,
Reliance Smart,Pudupattinam,Tamil Nadu,,
Reliance Smart,Bhupalpally,Telangana,,
Reliance Smart,Adapur,Bihar,,
Reliance Smart,Kakinara,West Bengal,,
Reliance Smart,Soro,Odisha,,
Reliance Smart,Bandikui,Rajasthan,,
Reliance Smart,South 24 Parganas,West Bengal,,
Reliance Smart,Kanjirapilly,Kerala,,
Reliance Smart,Basantpatti,Bihar,,
Reliance Smart,Shoranur,Kerala,,
Reliance Smart,Kandassankadavu,Kerala,,
Reliance Smart,Sisai,Jharkhand,,
Reliance Smart,Nuzvid,Andhra Pradesh,,
Reliance Smart,Lakhminia,Odisha,,
Reliance Smart,Nisiganj,Bihar,,
Reliance Smart,Chittur-Thathamangalam,Kerala,,
Reliance Smart,Miraj,Maharashtra,,
Reliance Smart,BHAINSA,Telangana,,
Reliance Smart,NAWANSHAHR,Punjab,,
Reliance Smart,Gazole,West Bengal,,
Reliance Smart,DASUYA,Punjab,,
Reliance Smart,Ghatal,West Bengal,,
Reliance Smart,Salar,West Bengal,,
Reliance Smart,Maynaguri,West Bengal,,
Reliance Smart,Golokganj,Assam,,
Reliance Smart,Nurpur,Himachal Pradesh,,
Reliance Smart,Chodavaram,Andhra Pradesh,,
Reliance Smart,Vetapalem,Andhra Pradesh,,
Reliance Smart,Kothacheruvu,Andhra Pradesh,,
Reliance Smart,Beldanga,West Bengal,,
Reliance Smart,Kothuru,Andhra Pradesh,,
Reliance Smart,Nimbahera,Rajasthan,,
Reliance Smart,Piro,Bihar,,
Reliance Smart,Ramnagar KarariK,Uttar Pradesh,,
Reliance Smart,Mohania,Bihar,,
Reliance Smart,Tadpatri,Andhra Pradesh,,
Reliance Smart,Dibiyapur,Uttar Pradesh,,
Reliance Smart,Daronda,Rajasthan,,
Reliance Smart,Dumri,Jharkhand,,
Reliance Smart,Badagada,Odisha,,
Reliance Smart,Dharuhera,Haryana,,
Reliance Smart,ROPAD,Punjab,,
Reliance Smart,Repalle,Andhra Pradesh,,
Reliance Smart,Vinukonda,Andhra Pradesh,,
Reliance Smart,Ongallur,Kerala,,
Reliance Smart,Shivamogga,Karnataka,,
Reliance Smart,Walajapet,Tamil Nadu,,
Reliance Smart,Muvattupuzha,Kerala,,
Reliance Smart,Itarsi,Madhya Pradesh,,
Reliance Smart,Marhaura,Bihar,,
Reliance Smart,Bhawanathpur,Jharkhand,,
Reliance Smart,Maraimalainagar,Tamil Nadu,,
Reliance Smart,Gonikoppal,Karnataka,,
Reliance Smart,Thallarevu,Andhra Pradesh,,
Reliance Smart,Kalmeshwar,Maharashtra,,
Reliance Smart,Golaghat,Assam,,
Reliance Smart,Kahra,Rajasthan,,
Reliance Smart,Amarpur,Tripura,,
Reliance Smart,Gangarampur,West Bengal,,
Reliance Smart,Gudiyattam,Tamil Nadu,,
Reliance Smart,Udumalaipettai,Tamil Nadu,,
Reliance Smart,Kopargaon,Maharashtra,,
Reliance Smart,Bajkul,West Bengal,,
Reliance Smart,Rajura,Maharashtra,,
Reliance Smart,Lachhmangarh,Rajasthan,,
Reliance Smart,Khanna,Punjab,,
Reliance Smart,Kannur,Kerala,,
Reliance Smart,Koppal,Karnataka,,
Reliance Smart,Darsi,Andhra Pradesh,,
Reliance Smart,Penugonda,Andhra Pradesh,,
Reliance Smart,Dumraon,Bihar,,
Reliance Smart,Amta,West Bengal,,
Reliance Smart,Katwa,West Bengal,,
Reliance Smart,Mogalthur,Andhra Pradesh,,
Reliance Smart,Magrahat,West Bengal,,
Reliance Smart,Ganapavaram,Andhra Pradesh,,
Reliance Smart,Birpur,Bihar,,
Reliance Smart,Kothavalasa,Andhra Pradesh,,
Reliance Smart,Ambetkarnagar,Uttar Pradesh,,
Reliance Smart,ZEERAKHPUR,Punjab,,
Reliance Smart,Ramtek,Maharashtra,,
Reliance Smart,Salkia,West Bengal,,
Reliance Smart,Karaikkudi,Tamil Nadu,,
Reliance Smart,Sarath,Odisha,,
Reliance Smart,Dwaraka Tirumala,Andhra Pradesh,,
Reliance Smart,Kollegal,Karnataka,,
Reliance Smart,Gudlavalleru,Andhra Pradesh,,
Reliance Smart,Palasbari,Assam,,
Reliance Smart,Koduru,Andhra Pradesh,,
Reliance Smart,Rauta,Bihar,,
Reliance Smart,Kolaghat,West Bengal,,
Reliance Smart,Chatra,Jharkhand,,
Reliance Smart,Tirukazhukundram,Tamil Nadu,,
Reliance Smart,Faridpur Urf Shakra,Uttar Pradesh,,
Reliance Smart,Moran,Assam,,
Reliance Smart,Dhemaji,Assam,,
Reliance Smart,Nadia,West Bengal,,
Reliance Smart,Dhaniakhali,West Bengal,,
Reliance Smart,Chandrakona,West Bengal,,
Reliance Smart,Farakka,West Bengal,,
Reliance Smart,Sawai M,Rajasthan,,
Reliance Smart,AndipattiJ,Tamil Nadu,,
Reliance Smart,Ooty,Tamil Nadu,,
Reliance Smart,Haripad,Kerala,,
Reliance Smart,Nilambur,Kerala,,
Reliance Smart,Karode,Kerala,,
Reliance Smart,Aluva,Kerala,,
Reliance Smart,Salbani,West Bengal,,
Reliance Smart,Bagalkote,Karnataka,,
Reliance Smart,Bhore,Maharashtra,,
Reliance Smart,Wayanad,Kerala,,
Reliance Smart,Jangipur,West Bengal,,
Reliance Smart,Beawar,Rajasthan,,
Reliance Smart,Devakottai,Tamil Nadu,,
Reliance Smart,Sagwara,Rajasthan,,
Reliance Smart,Mudbidri,Karnataka,,
Reliance Smart,Kakdwip,West Bengal,,
Reliance Smart,Benipur,Bihar,,
Reliance Smart,Digras,Maharashtra,,
Reliance Smart,Kovilpatti,Tamil Nadu,,
Reliance Smart,Nichlaul,Uttar Pradesh,,
Reliance Smart,Pamarru,Andhra Pradesh,,
Reliance Smart,Motipur,Bihar,,
Reliance Smart,Sabbavaram,Andhra Pradesh,,
Reliance Smart,Tiruvottiyur,Tamil Nadu,,
Reliance Smart,Vadakara,Kerala,,
Reliance Smart,Bilara,Rajasthan,,
Reliance Smart,Kartarpur,Punjab,,
Reliance Smart,Chopda,Maharashtra,,
Reliance Smart,MANDI,Himachal Pradesh,,
Reliance Smart,Sonamukhi,West Bengal,,
Reliance Smart,Bargur,Tamil Nadu,,
Reliance Smart,Kodaikanal,Tamil Nadu,,
Reliance Smart,Dubrajpur,West Bengal,,
Reliance Smart,Balikuda,Odisha,,
Reliance Smart,Bilari,Uttar Pradesh,,
Reliance Smart,Machilipatnam,Andhra Pradesh,,
Reliance Smart,Vattiyoorkavu,Kerala,,
Reliance Smart,Peddapuram,Andhra Pradesh,,
Reliance Smart,Mundra,Gujarat,,
Reliance Smart,Areraj,Bihar,,
Reliance Smart,Joda,Odisha,,
Reliance Smart,Kashinagar,Uttar Pradesh,,
Spar,Bengaluru,Karnataka,,
Spar,Mangalore,Karnataka,,
Spar,Shimoga,Karnataka,,
Spar,Chennai,Tamil Nadu,,
Spar,Coimbatore,Tamil Nadu,,
Spar,Hyderabad,Telangana,,
Spar,New NCT of Delhi,NCT of Delhi,,
Spar,Gurugram,Haryana,,
Spar,Ghaziabad,Uttar Pradesh,,
Spencers,Aligarh,Uttar Pradesh,,
Spencers,Bangalore,Karnataka,,
Spencers,Baroda,Gujarat,,
Spencers,Belur,Karnataka,,
Spencers,Dhanbad,Jharkhand,,
Spencers,Durgapur,West Bengal,,
Spencers,Ghaziabad,Uttar Pradesh,,
Spencers,Gorakhpur,Uttar Pradesh,,
Spencers,Guntur,Andhra Pradesh,,
Spencers,Gurgaon,Haryana,,
Spencers,Haridwar,Uttarakhand,,
Spencers,Hyderabad,Telangana,,
Spencers,Kadapa,Andhra Pradesh,,
Spencers,Kakinada,Andhra Pradesh,,
Spencers,Karimnagar,Telangana,,
Spencers,Kolkata,West Bengal,,
Spencers,Kurnool,Andhra Pradesh,,
Spencers,Lucknow,Uttar Pradesh,,
Spencers,Noida,Uttar Pradesh,,
Spencers,Siliguri,West Bengal,,
Spencers,Trivandrum,Kerala,,
Spencers,Vijayawada,Andhra Pradesh,,
More,Alappuzha,Kerala,,
More,Ambala,Haryana,,
More,Amethi,Uttar Pradesh,,
More,Amlapuram,Andhra Pradesh,,
More,Amritsar,Punjab,,
More,Anakapalli,Andhra Pradesh,,
More,Ananthpur,Andhra Pradesh,,
More,Arakonam,Tamil Nadu,,
More,Aurangabad,Maharashtra,,
More,Balasore,Odisha,,
More,Ballari,Karnataka,,
More,Baramati,Maharashtra,,
More,Barara,Haryana,,
More,Barnala,Punjab,,
More,Batala,Punjab,,
More,Behrampore,West Bengal,,
More,Belgaum,Karnataka,,
More,Belur,Karnataka,,
More,Bengaluru,Karnataka,,
More,Bathinda,Punjab,,
More,Brahmapur,Odisha,,
More,Bobbili,Andhra Pradesh,,
More,Burdwan,West Bengal,,
More,Calicut,Kerala,,
More,Chandigarh,Chandigarh,,
More,Kancheepuram,Tamil Nadu,,
More,Chennai,Tamil Nadu,,
More,Chinsurah,West Bengal,,
More,Chitradurga,Karnataka,,
More,Kurnool,Andhra Pradesh,,
More,Ananthapur,Andhra Pradesh,,
More,Edappal,Kerala,,
More,Cochin,Kerala,,
More,Coimbatore,Tamil Nadu,,
More,Cuddalore,Tamil Nadu,,
More,Kadapa,Andhra Pradesh,,
More,Chennai,Tamil Nadu,,
More,Davanagere,Karnataka,,
More,Harihar,Karnataka,,
More,NCT of Delhi,NCT of Delhi,,
More,Meerut,Uttar Pradesh,,
More,Dharwad,Karnataka,,
More,Eluru,Andhra Pradesh,,
More,Elamakkara,Kerala,,
More,Kochi,Kerala,,
More,Faridabad,Haryana,,
More,Faridkot,Punjab,,
More,Firozpur,Punjab,,
More,Gadag,Karnataka,,
More,Garhshankar,Punjab,,
More,Ghaziabad,Uttar Pradesh,,
More,Gokak,Karnataka,,
More,Gorakhpur,Uttar Pradesh,,
More,Noida,Uttar Pradesh,,
More,Gudiwada,Andhra Pradesh,,
More,Gulbarga,Karnataka,,
More,Guntur,Andhra Pradesh,,
More,Gurugram,Haryana,,
More,Haveri,Karnataka,,
More,Hindupuram,Andhra Pradesh,,
More,Hiriyur,Karnataka,,
More,Hosapete,Karnataka,,
More,Hoshiarpur,Punjab,,
More,Hubli,Karnataka,,
More,Hyderabad,Telangana,,
More,Kattapana,Kerala,,
More,Thodupuzha,Kerala,,
More,Indore,Madhya Pradesh,,
More,Jalandhar,Punjab,,
More,Jamkhandi,Karnataka,,
More,Jharsuguda,Odisha,,
More,Kakinada,Andhra Pradesh,,
More,Kalakkam,Tamil Nadu,,
More,Kancheepuram,Tamil Nadu,,
More,Karnal,Haryana,,
More,Karwar,Karnataka,,
More,Katpadi,Tamil Nadu,,
More,Keshwapur,Karnataka,,
More,Khanna,Punjab,,
More,Kharar,Punjab,,
More,Khargapur,West Bengal,,
More,Kolkata,West Bengal,,
More,Kollam,Kerala,,
More,Kot Kapura,Punjab,,
More,Kottayam,Kerala,,
More,Tadipatri,Andhra Pradesh,,
More,Adoni,Andhra Pradesh,,
More,Kurnool,Andhra Pradesh,,
More,Kurukshetra,Haryana,,
More,Lucknow,Uttar Pradesh,,
More,Ludhiana,Punjab,,
More,Machilipatnam,Andhra Pradesh,,
More,Mangalore,Karnataka,,
More,Bikaranakatta,Karnataka,,
More,Mansa,Punjab,,
More,Mohali,Punjab,,
More,Morinda,Punjab,,
More,Mudhol,Karnataka,,
More,Muzaffarnagar,Uttar Pradesh,,
More,Mysore,Karnataka,,
More,Nabha,Punjab,,
More,Narsapur,Andhra Pradesh,,
More,Narsipatnam,Andhra Pradesh,,
More,Nashik,Maharashtra,,
More,Mumbai,Maharashtra,,
More,Nawanshahr,Punjab,,
More,Nellore,Andhra Pradesh,,
More,Ongole,Andhra Pradesh,,
More,Palakkad,Kerala,,
More,Srikakulam,Andhra Pradesh,,
More,Parvathipuram,Andhra Pradesh,,
More,Patiala,Punjab,,
More,Phagwara,Punjab,,
More,Puducherry,Puducherry,,
More,Prayagraj,Uttar Pradesh,,
More,Proddatur,Andhra Pradesh,,
More,Pune,Maharashtra,,
More,Aurangabad,Maharashtra,,
More,Balachaur,Punjab,,
More,Raebareli,Uttar Pradesh,,
More,Rajahmundry,Andhra Pradesh,,
More,Rajpura,Punjab,,
More,Ranebennur,Karnataka,,
More,Ranipet,Tamil Nadu,,
More,Rupnagar,Punjab,,
More,Salem,Tamil Nadu,,
More,Sangrur,Punjab,,
More,Secunderabad,Telangana,,
More,Sirhind,Punjab,,
More,Sirsi,Karnataka,,
More,Siruguppa,Karnataka,,
More,Sitapur,Uttar Pradesh,,
More,Sultanpur,Uttar Pradesh,,
More,Sunam,Punjab,,
More,Tadepallegudem,Andhra Pradesh,,
More,Thane,Maharashtra,,
More,Trivandrum,Kerala,,
More,Thiruvallur,Tamil Nadu,,
More,Thiurvannamalai,Tamil Nadu,,
More,Thrissur,Kerala,,
More,Tirupati,Andhra Pradesh,,
More,Tirupattur,Tamil Nadu,,
More,Toranagallu,Karnataka,,
More,Thiruvananthapuram,Kerala,,
More,East Godavari,Andhra Pradesh,,
More,Varanasi,Uttar Pradesh,,
More,Vellore,Tamil Nadu,,
More,Vijayapura,Karnataka,,
More,Vijaywada,Andhra Pradesh,,
More,Visakhapatnam,Andhra Pradesh,,
More,Vizianagaram,Andhra Pradesh,,
More,Vizag,Andhra Pradesh,,
More,Yamunanagar,Haryana,,
More,Zirakpur,Punjab,,
WH Smith,NCT of Delhi,NCT of Delhi,,
WH Smith,Hyderabad,Telangana,,
WH Smith,Kochi,Kerala,,
WH Smith,Kolkata,West Bengal,,
WH Smith,Indore,Madhya Pradesh,,
WH Smith,Bengaluru,Karnataka,,
WH Smith,Babatpur,Uttar Pradesh,,
WH Smith,Noida,Uttar Pradesh,,
WH Smith,Phagwara,Punjab,,
WH Smith,Fardanad,Punjab,,
Ratandeep,Bengaluru,Karnataka,,
Ratandeep,Secundrabad,Telangana,,
Ratandeep,Hyderabad,Telangana,,
Ratandeep,Guntur,Andhra Pradesh,,
Vijayetha,Hyderabad,Telangana,,
Vijayetha,Kondapur,Telangana,,
Vijayetha,Visakhapatnam,Andhra Pradesh,,
Lulu Hyper,Kochi,Kerala,,
Lulu Hyper,Bangalore,Karnataka,,
Lulu Hyper,Lucknow,Uttar Pradesh,,
Lulu Hyper,Coimbatore,Tamil Nadu,,
Lulu Hyper,Trivandrum,Kerala,,
Lulu Hyper,Hyderabad,Telangana,,
Dabur New U,NCT of Delhi,NCT of Delhi,,
Dabur New U,Ghaziabad,Uttar Pradesh,,
Dabur New U,Gurugram,Haryana,,
Dabur New U,Noida,Uttar Pradesh,,
Dabur New U,Patna,Bihar,,
Dabur New U,Kolkata,West Bengal,,
Dabur New U,Jamshedpur,Jharkhand,,
Dabur New U,Bhubaneswar,Odisha,,
Dabur New U,Bangalore,Karnataka,,
Shoppers Stop,Agra,Uttar Pradesh,,
Shoppers Stop,Ahmedabad,Gujarat,,
Shoppers Stop,Amritsar,Punjab,,
Shoppers Stop,Bangalore,Karnataka,,
Shoppers Stop,Bardez,Goa,,
Shoppers Stop,Bareilly,Uttar Pradesh,,
Shoppers Stop,Bengaluru,Karnataka,,
Shoppers Stop,Bhopal,Madhya Pradesh,,
Shoppers Stop,Bhubaneshwar,Odisha,,
Shoppers Stop,Calicut,Kerala,,
Shoppers Stop,Chandigarh,Chandigarh,,
Shoppers Stop,Chennai,Tamil Nadu,,
Shoppers Stop,Chhatrapati Sambhajinagar (Pune),Maharashtra,,
Shoppers Stop,Cochin,Kerala,,
Shoppers Stop,Coimbatore,Tamil Nadu,,
Shoppers Stop,Dehradun,Uttarakhand,,
Shoppers Stop,NCT of Delhi,NCT of Delhi,,
Shoppers Stop,Dhanbad,Jharkhand,,
Shoppers Stop,Dombivli,Maharashtra,,
Shoppers Stop,Durgapur,West Bengal,,
Shoppers Stop,Faridabad,Haryana,,
Shoppers Stop,Gandhinagar,Gujarat,,
Shoppers Stop,Ghaziabad,Uttar Pradesh,,
Shoppers Stop,Greater Noida,Uttar Pradesh,,
Shoppers Stop,Gurgaon (Gurugram),Haryana,,
Shoppers Stop,Guwahati,Assam,,
Shoppers Stop,Gwalior,Madhya Pradesh,,
Shoppers Stop,Hubli,Karnataka,,
Shoppers Stop,Hyderabad,Telangana,,
Shoppers Stop,Indore,Madhya Pradesh,,
Shoppers Stop,Jaipur,Rajasthan,,
Shoppers Stop,Jalandhar,Punjab,,
Shoppers Stop,Jammu,Jammu & Kashmir,,
Shoppers Stop,Jodhpur,Rajasthan,,
Shoppers Stop,Kanpur,Uttar Pradesh,,
Shoppers Stop,Kolhapur,Maharashtra,,
Shoppers Stop,Kolkata,West Bengal,,
Shoppers Stop,Latur,Maharashtra,,
Shoppers Stop,Lucknow,Uttar Pradesh,,
Shoppers Stop,Ludhiana,Punjab,,
Shoppers Stop,Mangalore,Karnataka,,
Shoppers Stop,Meerut,Uttar Pradesh,,
Shoppers Stop,Mohali,Punjab,,
Shoppers Stop,Mumbai,Maharashtra,,
Shoppers Stop,Mysore,Karnataka,,
Shoppers Stop,Nagpur,Maharashtra,,
Shoppers Stop,Nashik,Maharashtra,,
Shoppers Stop,Navi Mumbai,Maharashtra,,
Shoppers Stop,New NCT of Delhi,NCT of Delhi,,
Shoppers Stop,Noida,Uttar Pradesh,,
Shoppers Stop,Pune,Maharashtra,,
Shoppers Stop,Punjab (state),Punjab,,
Shoppers Stop,Raipur,Chhattisgarh,,
Shoppers Stop,Rajamahendravaram,Andhra Pradesh,,
Shoppers Stop,Rajkot,Gujarat,,
Shoppers Stop,Ranchi,Jharkhand,,
Shoppers Stop,Shillong,Meghalaya,,
Shoppers Stop,Siliguri,West Bengal,,
Shoppers Stop,Srinagar,Jammu & Kashmir,,
Shoppers Stop,Surat,Gujarat,,
Shoppers Stop,Thane,Maharashtra,,
Shoppers Stop,Thiruvananthapuram,Kerala,,
Shoppers Stop,Udaipur,Rajasthan,,
Shoppers Stop,Vadodara,Gujarat,,
Shoppers Stop,Varanasi,Uttar Pradesh,,
Shoppers Stop,Vijayawada,Andhra Pradesh,,
Shoppers Stop,Visakhapatnam,Andhra Pradesh,,
Lifestyle,Kadapa,Andhra Pradesh,,
Lifestyle,Guntur,Andhra Pradesh,,
Lifestyle,Vijayawada,Andhra Pradesh,,
Lifestyle,Visakhapatnam,Andhra Pradesh,,
Lifestyle,Guwahati,Assam,,
Lifestyle,Patna,Bihar,,
Lifestyle,Chandigarh,Chandigarh,,
Lifestyle,Bilaspur,Chhattisgarh,,
Lifestyle,Raipur,Chhattisgarh,,
Lifestyle,New NCT of Delhi,NCT of Delhi,,
Lifestyle,Ahmedabad,Gujarat,,
Lifestyle,Surat,Gujarat,,
Lifestyle,Vadodara,Gujarat,,
Lifestyle,Faridabad,Haryana,,
Lifestyle,Gurugram (Gurgaon),Haryana,,
Lifestyle,Jammu,Jammu & Kashmir,,
Lifestyle,Bengaluru (Bangalore),Karnataka,,
Lifestyle,Mangaluru (Mangalore),Karnataka,,
Lifestyle,Mysore,Karnataka,,
Lifestyle,Ernakulam,Kerala,,
Lifestyle,Kochi,Kerala,,
Lifestyle,Kannur,Kerala,,
Lifestyle,Kottayam,Kerala,,
Lifestyle,Kozhikode,Kerala,,
Lifestyle,Thrissur,Kerala,,
Lifestyle,Thiruvananthapuram,Kerala,,
Lifestyle,Indore,Madhya Pradesh,,
Lifestyle,Mumbai,Maharashtra,,
Lifestyle,Nagpur,Maharashtra,,
Lifestyle,Pune,Maharashtra,,
Lifestyle,Thane,Maharashtra,,
Lifestyle,Virar,Maharashtra,,
Lifestyle,Bhubaneswar,Odisha,,
Lifestyle,Amritsar,Punjab,,
Lifestyle,Ludhiana,Punjab,,
Lifestyle,Mohali,Punjab,,
Lifestyle,Patiala,Punjab,,
Lifestyle,Fatehgarh Sahib,Punjab,,
Lifestyle,Jaipur,Rajasthan,,
Lifestyle,Kota,Rajasthan,,
Lifestyle,Udaipur,Rajasthan,,
Lifestyle,Chennai,Tamil Nadu,,
Lifestyle,Coimbatore,Tamil Nadu,,
Lifestyle,Erode,Tamil Nadu,,
Lifestyle,Kanchipuram,Tamil Nadu,,
Lifestyle,Karur,Tamil Nadu,,
Lifestyle,Hyderabad,Telangana,,
Lifestyle,Agra,Uttar Pradesh,,
Lifestyle,Bareilly,Uttar Pradesh,,
Lifestyle,Ghaziabad,Uttar Pradesh,,
Lifestyle,Greater Noida,Uttar Pradesh,,
Lifestyle,Lucknow,Uttar Pradesh,,
Lifestyle,Kanpur,Uttar Pradesh,,
Lifestyle,Dehradun,Uttarakhand,,
Lifestyle,Kolkata,West Bengal,,
Lifestyle,Siliguri,West Bengal,,
Pantaloons,NEW NCT of Delhi,NCT of Delhi,,
Pantaloons,KOLKATA,West Bengal,,
Pantaloons,BHUBANESWAR,Odisha,,
Pantaloons,SILIGURI,West Bengal,,
Pantaloons,GUWAHATI,Assam,,
Pantaloons,DURGAPUR,West Bengal,,
Pantaloons,RANCHI,Jharkhand,,
Pantaloons,PATNA,Bihar,,
Pantaloons,DHANBAD,Jharkhand,,
Pantaloons,HALDIA,West Bengal,,
Pantaloons,SHILLONG,Meghalaya,,
Pantaloons,JORHAT,Assam,,
Pantaloons,SILCHAR,Assam,,
Pantaloons,JHARSUGUDA,Odisha,,
Pantaloons,CUTTACK,Odisha,,
Pantaloons,ASANSOL,West Bengal,,
Pantaloons,YAMUNANAGAR,Haryana,,
Pantaloons,MUZAFFARNAGAR,Uttar Pradesh,,
Pantaloons,MEERUT,Uttar Pradesh,,
Pantaloons,KANPUR,Uttar Pradesh,,
Pantaloons,ALLAHABAD,Uttar Pradesh,,
Pantaloons,GURGAON,Haryana,,
Pantaloons,LUCKNOW,Uttar Pradesh,,
Pantaloons,NOIDA,Uttar Pradesh,,
Pantaloons,GHAZIABAD,Uttar Pradesh,,
Pantaloons,ZIRAKPUR,Punjab,,
Pantaloons,BHOPAL,Madhya Pradesh,,
Pantaloons,BAREILLY,Uttar Pradesh,,
Pantaloons,CHANDIGARH,Chandigarh,,
Pantaloons,AMRITSAR,Punjab,,
Pantaloons,DEHRADUN,Uttarakhand,,
Pantaloons,MOHALI,Punjab,,
Pantaloons,BHIWADI,Rajasthan,,
Pantaloons,MORADABAD,Uttar Pradesh,,
Pantaloons,HARIDWAR,Uttarakhand,,
Pantaloons,JAIPUR,Rajasthan,,
Pantaloons,INDORE,Madhya Pradesh,,
Pantaloons,AGRA,Uttar Pradesh,,
Pantaloons,JALANDHAR,Punjab,,
Pantaloons,BATHINDA,Punjab,,
Pantaloons,VARANASI,Uttar Pradesh,,
Pantaloons,HALDWANI,Uttarakhand,,
Pantaloons,SAHARANPUR,Uttar Pradesh,,
Pantaloons,PATIALA,Punjab,,
Pantaloons,PANIPAT,Haryana,,
Pantaloons,SAGAR,Madhya Pradesh,,
Pantaloons,VIJAYAWADA,Andhra Pradesh,,
Pantaloons,MANGALOORU (MANGALORE),Karnataka,,
Pantaloons,HYDERABAD,Telangana,,
Pantaloons,CHENNAI,Tamil Nadu,,
Pantaloons,BENGALURU (BANGALORE),Karnataka,,
Pantaloons,COIMBATORE,Tamil Nadu,,
Pantaloons,MYSOORU (MYSORE),Karnataka,,
Pantaloons,HUBLI,Karnataka,,
Pantaloons,GUNTUR,Andhra Pradesh,,
Pantaloons,CALICUT (KOZHIKODE),Kerala,,
Pantaloons,SALEM,Tamil Nadu,,
Pantaloons,VELLORE,Tamil Nadu,,
Pantaloons,THRISSUR,Kerala,,
Pantaloons,PALAKKAD,Kerala,,
Pantaloons,VIZIANAGARAM,Andhra Pradesh,,
Pantaloons,ERODE,Tamil Nadu,,
Pantaloons,AHMEDABAD,Gujarat,,
Pantaloons,MUMBAI,Maharashtra,,
Pantaloons,VADODARA,Gujarat,,
Pantaloons,NAGPUR,Maharashtra,,
Pantaloons,RAJKOT,Gujarat,,
Pantaloons,SURAT,Gujarat,,
Pantaloons,AURANGABAD,Maharashtra,,
Pantaloons,PUNE,Maharashtra,,
Pantaloons,KOLHAPUR,Maharashtra,,
Pantaloons,JAMMU,Jammu & Kashmir,,
Pantaloons,JABALPUR,Madhya Pradesh,,
Pantaloons,VISAKHAPATNAM,Andhra Pradesh,,
Pantaloons,COCHIN,Kerala,,
Pantaloons,NASHIK,Maharashtra,,
Pantaloons,BILASPUR,Chhattisgarh,,
Pantaloons,BHILAI,Chhattisgarh,,
Pantaloons,RAIPUR,Chhattisgarh,,
Fashion Factory,Agra,Uttar Pradesh,,
Fashion Factory,Ahmedabad,Gujarat,,
Fashion Factory,Allahabad,Uttar Pradesh,,
Fashion Factory,Amravati,Maharashtra,,
Fashion Factory,Amritsar,Punjab,,
Fashion Factory,Anand,Gujarat,,
Fashion Factory,Asansol,West Bengal,,
Fashion Factory,Aurangabad,Maharashtra,,
Fashion Factory,Bengaluru,Karnataka,,
Fashion Factory,Bhubaneswar,Odisha,,
Fashion Factory,Bhuj,Gujarat,,
Fashion Factory,Calicut,Kerala,,
Fashion Factory,Chennai,Tamil Nadu,,
Fashion Factory,Cuttack,Odisha,,
Fashion Factory,Dehradun,Uttarakhand,,
Fashion Factory,Gandhidham,Gujarat,,
Fashion Factory,Gangtok,Sikkim,,
Fashion Factory,Ghaziabad,Uttar Pradesh,,
Fashion Factory,Guwahati,Assam,,
Fashion Factory,Hubli,Karnataka,,
Fashion Factory,Hyderabad,Telangana,,
Fashion Factory,Indore,Madhya Pradesh,,
Fashion Factory,Jabalpur,Madhya Pradesh,,
Fashion Factory,Jaipur,Rajasthan,,
Fashion Factory,Jammu,Jammu & Kashmir,,
Fashion Factory,Kannur,Kerala,,
Fashion Factory,Kanpur,Uttar Pradesh,,
Fashion Factory,Kolkata,West Bengal,,
Fashion Factory,Kollam,Kerala,,
Fashion Factory,Latur,Maharashtra,,
Fashion Factory,Lucknow,Uttar Pradesh,,
Fashion Factory,Mangalore,Karnataka,,
Fashion Factory,Goa,Goa,,
Fashion Factory,Mumbai,Maharashtra,,
Fashion Factory,Mysore,Karnataka,,
Fashion Factory,Nashik,Maharashtra,,
Fashion Factory,NCT of Delhi,NCT of Delhi,,
Fashion Factory,Patna,Bihar,,
Fashion Factory,Pune,Maharashtra,,
Fashion Factory,Raipur,Chhattisgarh,,
Fashion Factory,Rajkot,Gujarat,,
Fashion Factory,Ranchi,Jharkhand,,
Fashion Factory,Salem,Tamil Nadu,,
Fashion Factory,Siliguri,West Bengal,,
Fashion Factory,Surat,Gujarat,,
Fashion Factory,Trissur (Thrissur),Kerala,,
Fashion Factory,Tirupati,Andhra Pradesh,,
Fashion Factory,Thiruvananthapuram,Kerala,,
Fashion Factory,Ujjain,Madhya Pradesh,,
Fashion Factory,Vadodara,Gujarat,,
Fashion Factory,Vijayawada,Andhra Pradesh,,
Fashion Factory,Vizag (Visakhapatnam),Andhra Pradesh,,
Fashion Factory,Zikarpur (Zirakpur),Punjab,,
Modern Bazaar,NCT of Delhi,NCT of Delhi,,
Modern Bazaar,Gurugram,Haryana,,
Modern Bazaar,Noida,Uttar Pradesh,,
Modern Bazaar,Chandigarh,Chandigarh,,
Rajmandir,NCT of Delhi,NCT of Delhi,,
Balaji Grand,Hyderabad ,Telangana,,
Bismi,Alappuzha,Kerala,,
Bismi,Calicut,Kerala,,
Bismi,Elamakkara,Kerala,,
Bismi,Kochi,Kerala,,
Bismi,Muvattupuzha,Kerala,,
Bismi,Palakkad,Kerala,,
Bismi,Perinthalmanna,Kerala,,
Bismi,Thalayolaparambu,Kerala,,
Bismi,Thiruvalla,Kerala,,
Bismi,Thodupuzha,Kerala,,
Bismi,Thrissur,Kerala,,
Bismi,Vengara,Kerala,,
Planet health,Ahmedabad,Gujarat,,
Planet health,Surat,Gujarat,,
Planet health,Anand,Gujarat,,
Planet health,Gandhinagar,Gujarat,,
Planet health,Vadodara,Gujarat,,
Planet health,Mumbai,Maharashtra,,
Le Marche,NCT of Delhi,NCT of Delhi,,
Kathiyavaar,Hyderabad ,Telangana,,
Kathiyavaar,Secunderabad,Telangana,,
Sodhi Super Strores,Gurugram,Haryana,,
Sodhi Super Strores,NCT of Delhi,NCT of Delhi,,
Potthy's,Chennai,Tamil Nadu,,
Potthy's,Bangalore,Karnataka,,
Potthy's,Trichy,Tamil Nadu,,
Potthy's,Nagarcoil,Tamil Nadu,,
Potthy's,Trivandrum,Kerala,,
Potthy's,Madurai,Tamil Nadu,,
Potthy's,Tirunelveli,Tamil Nadu,,
Potthy's,Srivilliputtur,Tamil Nadu,,
Potthy's,Coimbatore,Tamil Nadu,,
Potthy's,Puduchery,Puducherry,,
Kolkata Bazaar,Agartala,Tripura,,
Kolkata Bazaar,Allahabad,Uttar Pradesh,,
Kolkata Bazaar,Angul,Odisha,,
Kolkata Bazaar,Bargarh,Odisha,,
Kolkata Bazaar,Berhampur,Odisha,,
Kolkata Bazaar,Bhubaneswar,Odisha,,
Kolkata Bazaar,Bhubaneswar,Odisha,,
Kolkata Bazaar,Bihar Sharif,Bihar,,
Kolkata Bazaar,Cuttack,Odisha,,
Kolkata Bazaar,Dhenkanal,Odisha,,
Kolkata Bazaar,Gopalganj,Bihar,,
Kolkata Bazaar,Jamshedpur,Jharkhand,,
Kolkata Bazaar,Jaunpur,Uttar Pradesh,,
Kolkata Bazaar,Jharkhand,Jharkhand,,
Kolkata Bazaar,Kolkata,West Bengal,,
Kolkata Bazaar,Motihari,Bihar,,
Kolkata Bazaar,Muzaffarpur,Bihar,,
Kolkata Bazaar,Paradip,Odisha,,
Kolkata Bazaar,Patna,Bihar,,
Kolkata Bazaar,Puri,Odisha,,
Kolkata Bazaar,Ranchi,Jharkhand,,
Kolkata Bazaar,Sambalpur,Odisha,,
Kolkata Bazaar,Silchar,Assam,,
Kolkata Bazaar,Siliguri,West Bengal,,
Ushodiya,Hyderabad ,Telangana,,
Ushodiya,Secunderabad,Telangana,,
Vaibhav stores,Bangalore,Karnataka,,
DJT,Gurugram,Haryana,,
DJT,NCT of Delhi,NCT of Delhi,,
DJT,Faridabad,Haryana,,
DJT,Mumbai,Maharashtra,,
Max Bazaar,NCT of Delhi,NCT of Delhi,,
Wellness Forever,Mumbai,Maharashtra,,
Wellness Forever,Nashik,Maharashtra,,
Wellness Forever,Ratnagiri,Maharashtra,,
Wellness Forever,Ahmednagar,Maharashtra,,
Wellness Forever,Pune,Maharashtra,,
Wellness Forever,Belgaum,Karnataka,,
Wellness Forever,Hubli,Karnataka,,
Wellness Forever,Goa,Goa,,
Wellness Forever,Solapur,Maharashtra,,
Wellness Forever,Satara,Maharashtra,,
Wellness Forever,Dhule,Maharashtra,,
Wellness Forever,Sangamner,Maharashtra,,
Wellness Forever,Bangalore,Karnataka,,
Wellness Forever,Kolhapur,Maharashtra,,
Wellness Forever,Sindhudurg,Maharashtra,,
Wellness Forever,Panvel,Maharashtra,,
Wellness Forever,Thane,Maharashtra,,
Wellness Forever,Aurangabad,Maharashtra,,
Wellness Forever,Phaltan Ravivarpeth,Maharashtra,,
Wellness Forever,Sangli,Maharashtra,,
Wellness Forever,Kankavli,Maharashtra,,
Wellness Forever,Palghar,Maharashtra,,
Wellness Forever,Kalyan,Maharashtra,,
Wellness Forever,Belagavi,Karnataka,,
Wellness Forever,Ulhasnagar,Maharashtra,,
Wellness Forever,Badlapur,Maharashtra,,
Wellness Forever,Thane Kasarvadavali,Maharashtra,,
Apna Chemist,Gurugram,NCT of Delhi,,
Centro,Mohali,Punjab,,
Centro,NCT of Delhi,NCT of Delhi,,
Centro,Noida,Uttar Pradesh,,
Centro,Jaipur,Rajasthan,,
Centro,Lucknow,Uttar Pradesh,,
Centro,Siliguri,West Bengal,,
Centro,Kolkata,West Bengal,,
Centro,Guwahati,Assam,,
Centro,Patna,Bihar,,
Centro,Ranchi,Jharkhand,,
Centro,Bhubaneshwar,Odisha,,
Centro,Kukatpally,Telangana,,
Centro,Nagpur,Maharashtra,,
Centro,Indore,Madhya Pradesh,,
Centro,Ahmedabad,Gujarat,,
Centro,Vadodara,Gujarat,,
Centro,Nasik,Maharashtra,,
Centro,Mumbai,Maharashtra,,
Centro,Trivandrum,Kerala,,
Centro,Mysore,Karnataka,,
Centro,Kochi,Kerala,,
Centro,Mangalore,Karnataka,,
Centro,Bangalore,Karnataka,,
Health & Glow,Bhopal,Madhya Pradesh,,
Health & Glow,Indore,Madhya Pradesh,,
Health & Glow,Patna,Bihar,,
Health & Glow,Nashik,Maharashtra,,
Health & Glow,Mumbai,Maharashtra,,
Health & Glow,Thane,Maharashtra,,
Health & Glow,Pune,Maharashtra,,
Health & Glow,Hyderabad,Telangana,,
Health & Glow,Secunderabad,Telangana,,
Health & Glow,Bhubaneshwar,Odisha,,
Health & Glow,North 24 Parganas,West Bengal,,
Health & Glow,Kolkata,West Bengal,,
Health & Glow,VISAKHAPATNAM,Andhra Pradesh,,
Health & Glow,Vijayawada,Andhra Pradesh,,
Health & Glow,Udupi,Karnataka,,
Health & Glow,Bengaluru,Karnataka,,
Health & Glow,Tirvallur,Tamil Nadu,,
Health & Glow,Chennai,Tamil Nadu,,
Health & Glow,kanchipuram,Tamil Nadu,,
Health & Glow,Mangalore,Tamil Nadu,,
Health & Glow,Mysore,Karnataka,,
Health & Glow,Puducherry,Puducherry,,
Health & Glow,Ernakulam,Kerala,,
Health & Glow,Madurai,Tamil Nadu,,